WARNING 2025-09-17 11:38:07,413 log 784 126643320385664 Not Found: /.git/config
[2025-09-17 08:39:21.440231+00:00] Raw message on port 8000: Call 2025/09/17 08:37:57,7624,6144,00:01:15,2025/09/17 08:38:04,2025/09/17 08:39:20,src_participant_terminated,,,Ext.6144,7624,7624,Ext.7624,7624,extension,extension,extension,Meraj Alam,Hanadi Abu-lughod,Hanadi Abu-lughod
[2025-09-17 08:39:22.221996+00:00] Raw message on port 8000: Call 2025/09/17 08:32:15,0533368489,7177,00:06:58,2025/09/17 08:32:22,2025/09/17 08:39:21,src_participant_terminated,,,Ext.7177,0533368489,10001,0533368489,10001,extension,external_line,external_line,Khadija Alharthi,0533368489,0533368489
[2025-09-17 08:39:41.316134+00:00] Raw message on port 8000: Call 2025/09/17 08:38:16,0549768086,1062,00:01:13,2025/09/17 08:38:27,2025/09/17 08:39:40,src_participant_terminated,,,Ext.1062,0549768086,10001,0549768086,10001,extension,external_line,external_line,John Cyrus Enfestan Hopio,0549768086,0549768086
[2025-09-17 08:40:32.972911+00:00] Raw message on port 8000: Call 2025/09/17 08:40:08,0572625307,7407,00:00:08,2025/09/17 08:40:23,2025/09/17 08:40:32,src_participant_terminated,,,Ext.7407,0572625307,10001,0572625307,10001,extension,external_line,external_line,Ian Benedict,0572625307,0572625307
[2025-09-17 08:40:45.407989+00:00] Raw message on port 8000: Call 2025/09/17 08:39:50,0536213382,1062,00:00:40,2025/09/17 08:40:04,2025/09/17 08:40:44,dst_participant_terminated,,,Ext.1062,0536213382,10001,0536213382,10001,extension,external_line,external_line,John Cyrus Enfestan Hopio,0536213382,0536213382
[2025-09-17 08:42:07.575033+00:00] Raw message on port 8000: Call 2025/09/17 08:41:53,0551760656,7840,,,2025/09/17 08:42:06,src_participant_terminated,,,Ext.7840,0551760656,10001,0551760656,,extension,external_line,outbound_rule,Abdulhadi Nahhas,0551760656,Mobile Call
[2025-09-17 08:42:22.155350+00:00] Raw message on port 8000: Call 2025/09/17 08:41:56,0556296219,1062,00:00:08,2025/09/17 08:42:12,2025/09/17 08:42:21,dst_participant_terminated,,,Ext.1062,0556296219,10001,0556296219,10001,extension,external_line,external_line,John Cyrus Enfestan Hopio,0556296219,0556296219
[2025-09-17 08:42:46.601136+00:00] Raw message on port 8000: Call 2025/09/17 08:41:15,6342,1150,00:01:23,2025/09/17 08:41:22,2025/09/17 08:42:45,src_participant_terminated,,,Ext.1150,6342,6342,Ext.6342,6342,extension,extension,extension,Abdulrahman Rambe,Mohammed Adil,Mohammed Adil
[2025-09-17 08:43:55.455281+00:00] Raw message on port 8000: Call 2025/09/17 08:42:40,0557460749,1210,,,2025/09/17 08:43:54,src_participant_terminated,,,Ext.1210,0557460749,10001,0557460749,,extension,external_line,outbound_rule,Muhammad Bilal Nawab Ali,0557460749,Mobile Call
[2025-09-17 08:44:11.405397+00:00] Raw message on port 8000: Call 2025/09/17 08:42:27,0539002731,1334,,,2025/09/17 08:44:10,no_route,,,Ext.1334,0539002731,10001,0539002731,,extension,external_line,outbound_rule,MD SAHIL ALAM,0539002731,Mobile Call
WARNING 2025-09-17 11:44:42,332 log 784 126643320385664 Not Found: /one_detail/
[2025-09-17 08:44:53.166745+00:00] Raw message on port 8000: Call 2025/09/17 08:43:57,0573884004,1062,00:00:45,2025/09/17 08:44:06,2025/09/17 08:44:52,src_participant_terminated,,,Ext.1062,0573884004,10001,0573884004,10001,extension,external_line,external_line,John Cyrus Enfestan Hopio,0573884004,0573884004
[2025-09-17 08:46:26.298137+00:00] Raw message on port 8000: Call 2025/09/17 08:46:01,7551,7631,00:00:03,2025/09/17 08:46:22,2025/09/17 08:46:25,src_participant_terminated,,,Ext.7631,7551,7551,Ext.6666,7551,extension,voicemail,voicemail,Eyad Yousef,Adnan Ali,Adnan Ali
[2025-09-17 08:46:34.858772+00:00] Raw message on port 8000: Call 2025/09/17 08:45:41,0537857057,1150,,,2025/09/17 08:46:34,no_route,,,Ext.1150,0537857057,10001,0537857057,,extension,external_line,outbound_rule,Abdulrahman Rambe,0537857057,Mobile Call
[2025-09-17 08:47:24.994305+00:00] Raw message on port 8000: Call 2025/09/17 08:46:52,2247001,10001,00:00:31,2025/09/17 08:46:52,2025/09/17 08:47:24,dst_participant_terminated,ReplacedDst,,0532909671,8000,8000,Ext.8001,8001,provider,ivr,ivr,0532909671:Main Number,WelcomeMessage,ArabicDailExt
[2025-09-17 08:47:41.330908+00:00] Raw message on port 8000: Call 2025/09/17 08:47:02,0555481000,7177,,,2025/09/17 08:47:40,src_participant_terminated,,,Ext.7177,0555481000,10001,0555481000,,extension,external_line,outbound_rule,Khadija Alharthi,0555481000,Mobile Call
[2025-09-17 08:49:19.971320+00:00] Raw message on port 8000: Call 2025/09/17 08:49:02,7911,7919,,,2025/09/17 08:49:19,src_participant_terminated,,,Ext.7919,7911,7911,Ext.7911,7911,extension,extension,extension,Mohamed Ebrahim,Rawan Nazar Alhendi,Rawan Nazar Alhendi
[2025-09-17 08:49:36.705772+00:00] Raw message on port 8000: Call 2025/09/17 08:49:25,7909,7919,00:00:06,2025/09/17 08:49:29,2025/09/17 08:49:35,dst_participant_terminated,,,Ext.7919,7909,7909,Ext.7909,7909,extension,extension,extension,Mohamed Ebrahim,Hessah Al Jardan,Hessah Al Jardan
[2025-09-17 08:50:06.812133+00:00] Raw message on port 8000: Call 2025/09/17 08:48:54,0560945790,1060,,,2025/09/17 08:50:06,src_participant_terminated,,,Ext.1060,0560945790,10001,0560945790,,extension,external_line,outbound_rule,Al Arid Male Receptionist1,0560945790,Mobile Call
[2025-09-17 08:50:18.747579+00:00] Raw message on port 8000: Call 2025/09/17 08:44:19,0557371457,1210,00:05:47,2025/09/17 08:44:30,2025/09/17 08:50:17,src_participant_terminated,,,Ext.1210,0557371457,10001,0557371457,10001,extension,external_line,external_line,Muhammad Bilal Nawab Ali,0557371457,0557371457
[2025-09-17 08:52:07.227954+00:00] Raw message on port 8000: Call 2025/09/17 08:50:54,7919,7911,00:01:08,2025/09/17 08:50:58,2025/09/17 08:52:06,dst_participant_terminated,,,Ext.7911,7919,7919,Ext.7919,7919,extension,extension,extension,Rawan Nazar Alhendi,Mohamed Ebrahim,Mohamed Ebrahim
[2025-09-17 08:52:31.619894+00:00] Raw message on port 8000: Call 2025/09/17 08:52:00,0573641284,1066,00:00:12,2025/09/17 08:52:18,2025/09/17 08:52:30,dst_participant_terminated,,,Ext.1066,0573641284,10001,0573641284,10001,extension,external_line,external_line,Muna Ismail,0573641284,0573641284
[2025-09-17 08:53:07.042610+00:00] Raw message on port 8000: Call 2025/09/17 08:52:57,2247001,10001,00:00:09,2025/09/17 08:52:57,2025/09/17 08:53:06,src_participant_terminated,,,0552333236,8000,8000,Ext.8000,8000,provider,ivr,ivr,0552333236:Main Number,WelcomeMessage,WelcomeMessage
[2025-09-17 08:55:55.044610+00:00] Raw message on port 8000: Call 2025/09/17 08:54:33,0539002731,1334,,,2025/09/17 08:55:54,src_participant_terminated,,,Ext.1334,0539002731,10001,0539002731,,extension,external_line,outbound_rule,MD SAHIL ALAM,0539002731,Mobile Call
[2025-09-17 08:56:51.247080+00:00] Raw message on port 8000: Call 2025/09/17 08:54:58,00256759821428,6287,00:01:37,2025/09/17 08:55:12,2025/09/17 08:56:50,src_participant_terminated,,,Ext.6287,00256759821428,10001,00256759821428,10001,extension,external_line,external_line,Ryan Gaganting,00256759821428,00256759821428
[2025-09-17 08:57:22.512752+00:00] Raw message on port 8000: Call 2025/09/17 08:52:05,0505733376,1302,00:05:11,2025/09/17 08:52:09,2025/09/17 08:57:21,dst_participant_terminated,,,Ext.1302,0505733376,10001,0505733376,10001,extension,external_line,external_line,Mohamed HosamEldin,0505733376,0505733376
[2025-09-17 08:57:59.433512+00:00] Raw message on port 8000: Call 2025/09/17 08:57:56,0559093699,6251,,,2025/09/17 08:57:56,no_route,,,Ext.6251,0559093699,EndCall,0559093699,EndCall,extension,endcall,endcall,Byju Andrews,EndCall,EndCall
[2025-09-17 08:58:53.808931+00:00] Raw message on port 8000: Call 2025/09/17 08:57:56,6251,6273,00:00:47,2025/09/17 08:58:05,2025/09/17 08:58:52,src_participant_terminated,,,Ext.6273,6251,6251,Ext.6251,6251,extension,extension,extension,Mohammed Naufal,Byju Andrews,Byju Andrews
[2025-09-17 09:01:54.636937+00:00] Raw message on port 8000: Call 2025/09/17 08:59:30,0531166970,1221,00:02:13,2025/09/17 08:59:40,2025/09/17 09:01:53,src_participant_terminated,,,Ext.1221,0531166970,10001,0531166970,10001,extension,external_line,external_line,Haya Alshammari,0531166970,0531166970
[2025-09-17 09:02:03.195361+00:00] Raw message on port 8000: Call 2025/09/17 09:01:32,0557403200,1339,00:00:18,2025/09/17 09:01:44,2025/09/17 09:02:02,src_participant_terminated,,,Ext.1339,0557403200,10001,0557403200,10001,extension,external_line,external_line,AlArid Female Reception,0557403200,0557403200
[2025-09-17 09:02:50.953607+00:00] Raw message on port 8000: Call 2025/09/17 09:02:13,2247001,10001,00:00:36,2025/09/17 09:02:13,2025/09/17 09:02:50,dst_participant_terminated,ReplacedDst,,0553818898,8000,8000,Ext.8001,8001,provider,ivr,ivr,0553818898:Main Number,WelcomeMessage,ArabicDailExt
[2025-09-17 09:04:30.522506+00:00] Raw message on port 8000: Call 2025/09/17 09:03:50,0549549974,1043,00:00:32,2025/09/17 09:03:56,2025/09/17 09:04:29,dst_participant_terminated,,,Ext.1043,0549549974,10001,0549549974,10001,extension,external_line,external_line,Noura Altamimi,0549549974,0549549974
[2025-09-17 09:05:42.476796+00:00] Raw message on port 8000: Call 2025/09/17 09:03:36,0552826858,1339,,,2025/09/17 09:05:41,no_route,,,Ext.1339,0552826858,10001,0552826858,,extension,external_line,outbound_rule,AlArid Female Reception,0552826858,Mobile Call
[2025-09-17 09:05:59.102781+00:00] Raw message on port 8000: Call 2025/09/17 09:04:06,0530636625,8451,,,2025/09/17 09:05:58,no_route,,,Ext.8451,0530636625,10001,0530636625,,extension,external_line,outbound_rule,Jamil Agbay,0530636625,Mobile Call 4
[2025-09-17 09:07:17.172846+00:00] Raw message on port 8000: Call 2025/09/17 09:07:11,2247001,10001,00:00:05,2025/09/17 09:07:11,2025/09/17 09:07:16,src_participant_terminated,,,541288265,8000,8000,Ext.8000,8000,provider,ivr,ivr,541288265:Main Number,WelcomeMessage,WelcomeMessage
[2025-09-17 09:07:54.325629+00:00] Raw message on port 8000: Call 2025/09/17 09:07:30,2247001,10001,00:00:22,2025/09/17 09:07:30,2025/09/17 09:07:53,src_participant_terminated,,,0531196646,8000,8000,Ext.8000,8000,provider,ivr,ivr,0531196646:Main Number,WelcomeMessage,WelcomeMessage
[2025-09-17 09:07:57.686460+00:00] Raw message on port 8000: Call 2025/09/17 09:05:53,0552826858,1339,,,2025/09/17 09:07:56,no_route,,,Ext.1339,0552826858,10001,0552826858,,extension,external_line,outbound_rule,AlArid Female Reception,0552826858,Mobile Call
[2025-09-17 09:08:24.862440+00:00] Raw message on port 8000: Call 2025/09/17 09:07:28,6310,7807,00:00:41,2025/09/17 09:07:42,2025/09/17 09:08:24,dst_participant_terminated,,,Ext.7807,6310,6310,Ext.6310,6310,extension,extension,extension,Ramla Nasser Alsaig,Ethel Espiga,Ethel Espiga
[2025-09-17 09:08:27.128934+00:00] Raw message on port 8000: Call 2025/09/17 09:06:21,0530636625,8451,,,2025/09/17 09:08:26,no_route,,,Ext.8451,0530636625,10001,0530636625,,extension,external_line,outbound_rule,Jamil Agbay,0530636625,Mobile Call 4
[2025-09-17 09:09:37.346225+00:00] Raw message on port 8000: Call 2025/09/17 09:08:44,0530636625,8451,00:00:19,2025/09/17 09:09:16,2025/09/17 09:09:36,src_participant_terminated,,,Ext.8451,0530636625,10001,0530636625,10001,extension,external_line,external_line,Jamil Agbay,0530636625,0530636625
[2025-09-17 09:10:18.121790+00:00] Raw message on port 8000: Call 2025/09/17 09:08:12,0552826858,1339,,,2025/09/17 09:10:17,no_route,,,Ext.1339,0552826858,10001,0552826858,,extension,external_line,outbound_rule,AlArid Female Reception,0552826858,Mobile Call
[2025-09-17 09:11:06.983036+00:00] Raw message on port 8000: Call 2025/09/17 09:05:58,0540296627,1043,00:04:45,2025/09/17 09:06:20,2025/09/17 09:11:06,dst_participant_terminated,,,Ext.1043,0540296627,10001,0540296627,10001,extension,external_line,external_line,Noura Altamimi,0540296627,0540296627
[2025-09-17 09:11:26.412699+00:00] Raw message on port 8000: Call 2025/09/17 09:10:40,0532032367,1339,00:00:15,2025/09/17 09:11:10,2025/09/17 09:11:25,dst_participant_terminated,,,Ext.1339,0532032367,10001,0532032367,10001,extension,external_line,external_line,AlArid Female Reception,0532032367,0532032367
[2025-09-17 09:11:59.784388+00:00] Raw message on port 8000: Call 2025/09/17 09:11:09,2247001,10001,00:00:48,2025/09/17 09:11:10,2025/09/17 09:11:59,src_participant_terminated,ReplacedDst,,541288265,8000,8000,Ext.8002,8002,provider,ivr,ivr,541288265:Main Number,WelcomeMessage,EnglishDailExt
[2025-09-17 09:12:20.927633+00:00] Raw message on port 8000: Call 2025/09/17 09:11:37,7557,6246,00:00:35,2025/09/17 09:11:45,2025/09/17 09:12:20,dst_participant_terminated,,,Ext.6246,7557,7557,Ext.7557,7557,extension,extension,extension,Manuel Andal,Minhajul Mumtaz,Minhajul Mumtaz
[2025-09-17 09:13:08.179530+00:00] Raw message on port 8000: Call 2025/09/17 09:12:22,0509328706,1339,00:00:07,2025/09/17 09:12:59,2025/09/17 09:13:07,src_participant_terminated,,,Ext.1339,0509328706,10001,0509328706,10001,extension,external_line,external_line,AlArid Female Reception,0509328706,0509328706
[2025-09-17 09:13:57.439608+00:00] Raw message on port 8000: Call 2025/09/17 09:13:25,0562781640,1298,,,2025/09/17 09:13:56,src_participant_terminated,,,Ext.1298,0562781640,10001,0562781640,,extension,external_line,outbound_rule,Austin John Acuna Garcia,0562781640,Mobile Call
[2025-09-17 09:14:12.959555+00:00] Raw message on port 8000: Call 2025/09/17 09:13:19,0536932620,1339,,,2025/09/17 09:14:12,no_route,,,Ext.1339,0536932620,10001,0536932620,,extension,external_line,outbound_rule,AlArid Female Reception,0536932620,Mobile Call
[2025-09-17 09:14:43.556947+00:00] Raw message on port 8000: Call 2025/09/17 09:14:17,0505619076,1298,00:00:02,2025/09/17 09:14:39,2025/09/17 09:14:42,src_participant_terminated,,,Ext.1298,0505619076,10001,0505619076,10001,extension,external_line,external_line,Austin John Acuna Garcia,0505619076,0505619076
[2025-09-17 09:15:35.812623+00:00] Raw message on port 8000: Call 2025/09/17 09:15:29,2247001,10001,00:00:05,2025/09/17 09:15:29,2025/09/17 09:15:35,src_participant_terminated,,,0551410807,8000,8000,Ext.8000,8000,provider,ivr,ivr,0551410807:Main Number,WelcomeMessage,WelcomeMessage
[2025-09-17 09:15:38.710574+00:00] Raw message on port 8000: Call 2025/09/17 09:15:35,06537279678,1025,,,2025/09/17 09:15:35,no_route,,,Ext.1025,06537279678,EndCall,06537279678,EndCall,extension,endcall,endcall,Amirah Al Mutairi,EndCall,EndCall
[2025-09-17 09:15:50.972593+00:00] Raw message on port 8000: Call 2025/09/17 09:15:48,06537279678,1025,,,2025/09/17 09:15:48,no_route,,,Ext.1025,06537279678,EndCall,06537279678,EndCall,extension,endcall,endcall,Amirah Al Mutairi,EndCall,EndCall
[2025-09-17 09:15:57.030639+00:00] Raw message on port 8000: Call 2025/09/17 09:15:28,0558594034,8436,00:00:15,2025/09/17 09:15:40,2025/09/17 09:15:56,src_participant_terminated,,,Ext.8436,0558594034,10001,0558594034,10001,extension,external_line,external_line,Md Rana,0558594034,0558594034
[2025-09-17 09:16:04.001737+00:00] Raw message on port 8000: Call 2025/09/17 09:16:01,06537279678,1025,,,2025/09/17 09:16:01,no_route,,,Ext.1025,06537279678,EndCall,06537279678,EndCall,extension,endcall,endcall,Amirah Al Mutairi,EndCall,EndCall
[2025-09-17 09:16:26.389259+00:00] Raw message on port 8000: Call 2025/09/17 09:16:23,0559093699,6251,,,2025/09/17 09:16:23,no_route,,,Ext.6251,0559093699,EndCall,0559093699,EndCall,extension,endcall,endcall,Byju Andrews,EndCall,EndCall
[2025-09-17 09:16:44.776339+00:00] Raw message on port 8000: Call 2025/09/17 09:16:22,6251,7462,,,2025/09/17 09:16:44,no_answer,,,Ext.7462,6251,6251,Ext.6251,6251,extension,extension,extension,Abdullah Pelso,Byju Andrews,Byju Andrews
[2025-09-17 09:17:30.263665+00:00] Raw message on port 8000: Call 2025/09/17 09:17:27,+966597491897,7472,,,2025/09/17 09:17:27,no_route,,,Ext.7472,+966597491897,EndCall,+966597491897,EndCall,extension,endcall,endcall,Raihanie Ali,EndCall,EndCall
[2025-09-17 09:18:23.580164+00:00] Raw message on port 8000: Call 2025/09/17 09:17:36,0556645228,7503,00:00:37,2025/09/17 09:17:45,2025/09/17 09:18:22,src_participant_terminated,,,Ext.7503,0556645228,10001,0556645228,10001,extension,external_line,external_line,Nadeem Ajaz,0556645228,0556645228
[2025-09-17 09:19:09.690397+00:00] Raw message on port 8000: Call 2025/09/17 09:18:13,0568802525,8436,00:00:39,2025/09/17 09:18:29,2025/09/17 09:19:08,src_participant_terminated,,,Ext.8436,0568802525,10001,0568802525,10001,extension,external_line,external_line,Md Rana,0568802525,0568802525
[2025-09-17 09:20:57.397970+00:00] Raw message on port 8000: Call 2025/09/17 09:20:54,+966597491897,7472,,,2025/09/17 09:20:54,no_route,,,Ext.7472,+966597491897,EndCall,+966597491897,EndCall,extension,endcall,endcall,Raihanie Ali,EndCall,EndCall
[2025-09-17 09:21:23.086488+00:00] Raw message on port 8000: Call 2025/09/17 09:21:21,+966597491897,7472,,,2025/09/17 09:21:21,no_route,,,Ext.7472,+966597491897,EndCall,+966597491897,EndCall,extension,endcall,endcall,Raihanie Ali,EndCall,EndCall
[2025-09-17 09:21:23.785535+00:00] Raw message on port 8000: Call 2025/09/17 09:21:22,+966597491897,7472,,,2025/09/17 09:21:22,no_route,,,Ext.7472,+966597491897,EndCall,+966597491897,EndCall,extension,endcall,endcall,Raihanie Ali,EndCall,EndCall
[2025-09-17 09:21:24.456122+00:00] Raw message on port 8000: Call 2025/09/17 09:21:23,+966597491897,7472,,,2025/09/17 09:21:23,no_route,,,Ext.7472,+966597491897,EndCall,+966597491897,EndCall,extension,endcall,endcall,Raihanie Ali,EndCall,EndCall
[2025-09-17 09:21:25.198567+00:00] Raw message on port 8000: Call 2025/09/17 09:21:23,+966597491897,7472,,,2025/09/17 09:21:23,no_route,,,Ext.7472,+966597491897,EndCall,+966597491897,EndCall,extension,endcall,endcall,Raihanie Ali,EndCall,EndCall
[2025-09-17 09:21:26.362514+00:00] Raw message on port 8000: Call 2025/09/17 09:21:24,+966597491897,7472,,,2025/09/17 09:21:24,no_route,,,Ext.7472,+966597491897,EndCall,+966597491897,EndCall,extension,endcall,endcall,Raihanie Ali,EndCall,EndCall
[2025-09-17 09:21:27.969887+00:00] Raw message on port 8000: Call 2025/09/17 09:21:25,+966597491897,7472,,,2025/09/17 09:21:25,no_route,,,Ext.7472,+966597491897,EndCall,+966597491897,EndCall,extension,endcall,endcall,Raihanie Ali,EndCall,EndCall
[2025-09-17 09:21:29.411785+00:00] Raw message on port 8000: Call 2025/09/17 09:21:27,+966597491897,7472,,,2025/09/17 09:21:27,no_route,,,Ext.7472,+966597491897,EndCall,+966597491897,EndCall,extension,endcall,endcall,Raihanie Ali,EndCall,EndCall
[2025-09-17 09:21:31.422996+00:00] Raw message on port 8000: Call 2025/09/17 09:21:28,+966597491897,7472,,,2025/09/17 09:21:28,no_route,,,Ext.7472,+966597491897,EndCall,+966597491897,EndCall,extension,endcall,endcall,Raihanie Ali,EndCall,EndCall
[2025-09-17 09:21:33.571843+00:00] Raw message on port 8000: Call 2025/09/17 09:21:32,+966597491897,7472,,,2025/09/17 09:21:32,no_route,,,Ext.7472,+966597491897,EndCall,+966597491897,EndCall,extension,endcall,endcall,Raihanie Ali,EndCall,EndCall
[2025-09-17 09:21:35.790299+00:00] Raw message on port 8000: Call 2025/09/17 09:21:33,+966597491897,7472,,,2025/09/17 09:21:33,no_route,,,Ext.7472,+966597491897,EndCall,+966597491897,EndCall,extension,endcall,endcall,Raihanie Ali,EndCall,EndCall
[2025-09-17 09:21:45.607270+00:00] Raw message on port 8000: Call 2025/09/17 09:21:42,+966597491897,7472,,,2025/09/17 09:21:42,no_route,,,Ext.7472,+966597491897,EndCall,+966597491897,EndCall,extension,endcall,endcall,Raihanie Ali,EndCall,EndCall
[2025-09-17 09:21:56.332964+00:00] Raw message on port 8000: Call 2025/09/17 09:21:09,0537857057,1150,,,2025/09/17 09:21:55,src_participant_terminated,,,Ext.1150,0537857057,10001,0537857057,,extension,external_line,outbound_rule,Abdulrahman Rambe,0537857057,Mobile Call
[2025-09-17 09:22:08.918665+00:00] Raw message on port 8000: Call 2025/09/17 09:21:43,0567509129,1179,00:00:13,2025/09/17 09:21:54,2025/09/17 09:22:08,dst_participant_terminated,,,Ext.1179,0567509129,10001,0567509129,10001,extension,external_line,external_line,Ahsan Mehrban Khan,0567509129,0567509129
[2025-09-17 09:22:10.648850+00:00] Raw message on port 8000: Call 2025/09/17 09:17:24,0531476802,1134,00:04:38,2025/09/17 09:17:30,2025/09/17 09:22:09,src_participant_terminated,,,Ext.1134,0531476802,10001,0531476802,10001,extension,external_line,external_line,Afrah Almantshri,0531476802,0531476802
[2025-09-17 09:22:15.038679+00:00] Raw message on port 8000: Call 2025/09/17 09:20:27,7462,6251,00:01:40,2025/09/17 09:20:34,2025/09/17 09:22:14,src_participant_terminated,,,Ext.6251,7462,7462,Ext.7462,7462,extension,extension,extension,Byju Andrews,Abdullah Pelso,Abdullah Pelso
WARNING 2025-09-17 12:23:40,390 log 784 126643320385664 Not Found: /.env
[2025-09-17 09:25:03.971021+00:00] Raw message on port 8000: Call 2025/09/17 09:24:30,2247001,10001,00:00:32,2025/09/17 09:24:30,2025/09/17 09:25:03,src_participant_terminated,ReplacedDst,,0554375715,8000,8000,Ext.8001,8001,provider,ivr,ivr,0554375715:Main Number,WelcomeMessage,ArabicDailExt
[2025-09-17 09:26:20.288847+00:00] Raw message on port 8000: Call 2025/09/17 09:25:27,0537279678,1339,00:00:22,2025/09/17 09:25:56,2025/09/17 09:26:19,src_participant_terminated,,,Ext.1339,0537279678,10001,0537279678,10001,extension,external_line,external_line,AlArid Female Reception,0537279678,0537279678
[2025-09-17 09:26:58.662663+00:00] Raw message on port 8000: Call 2025/09/17 09:26:50,0536501067,7418,,,2025/09/17 09:26:57,src_participant_terminated,,,Ext.7418,0536501067,10001,0536501067,,extension,external_line,outbound_rule,Mirasol Augusto,0536501067,Mobile Call
[2025-09-17 09:29:30.478548+00:00] Raw message on port 8000: Call 2025/09/17 09:19:12,0553313868,7177,00:10:07,2025/09/17 09:19:21,2025/09/17 09:29:29,dst_participant_terminated,,,Ext.7177,0553313868,10001,0553313868,10001,extension,external_line,external_line,Khadija Alharthi,0553313868,0553313868
[2025-09-17 09:29:40.242105+00:00] Raw message on port 8000: Call 2025/09/17 09:28:21,0582828966,1302,00:01:12,2025/09/17 09:28:26,2025/09/17 09:29:39,dst_participant_terminated,,,Ext.1302,0582828966,10001,0582828966,10001,extension,external_line,external_line,Mohamed HosamEldin,0582828966,0582828966
[2025-09-17 09:30:36.224734+00:00] Raw message on port 8000: Call 2025/09/17 09:29:21,00917903981554,6241,00:01:04,2025/09/17 09:29:30,2025/09/17 09:30:35,src_participant_terminated,,,Ext.6241,00917903981554,10001,00917903981554,10001,extension,external_line,external_line,Tanwir Ali,00917903981554,00917903981554
[2025-09-17 09:30:41.520899+00:00] Raw message on port 8000: Call 2025/09/17 09:29:57,2247001,10001,00:00:43,2025/09/17 09:29:57,2025/09/17 09:30:40,src_participant_terminated,ReplacedDst,,0537857057,8000,8000,Ext.8002,8002,provider,ivr,ivr,0537857057:Main Number,WelcomeMessage,EnglishDailExt
[2025-09-17 09:31:28.149729+00:00] Raw message on port 8000: Call 2025/09/17 09:31:05,1000,7644,00:00:15,2025/09/17 09:31:12,2025/09/17 09:31:27,src_participant_terminated,,,Ext.7644,1000,1000,Ext.1000,1000,extension,extension,extension,Uzair Ali Syed,SMASCO Reception,SMASCO Reception
[2025-09-17 09:31:40.994137+00:00] Raw message on port 8000: Call 2025/09/17 09:28:20,0557292640,1043,00:02:55,2025/09/17 09:28:45,2025/09/17 09:31:40,dst_participant_terminated,,,Ext.1043,0557292640,10001,0557292640,10001,extension,external_line,external_line,Noura Altamimi,0557292640,0557292640
[2025-09-17 09:31:43.003836+00:00] Raw message on port 8000: Call 2025/09/17 09:31:37,0535816693,1149,,,2025/09/17 09:31:42,src_participant_terminated,,,Ext.1149,0535816693,10001,0535816693,,extension,external_line,outbound_rule,Abdulkarim Abdulsalam Mando,0535816693,Mobile Call
[2025-09-17 09:32:42.572578+00:00] Raw message on port 8000: Call 2025/09/17 09:31:59,0530308300,1221,00:00:31,2025/09/17 09:32:09,2025/09/17 09:32:41,dst_participant_terminated,,,Ext.1221,0530308300,10001,0530308300,10001,extension,external_line,external_line,Haya Alshammari,0530308300,0530308300
[2025-09-17 09:33:21.705623+00:00] Raw message on port 8000: Call 2025/09/17 09:30:01,0539272140,1009,00:03:08,2025/09/17 09:30:11,2025/09/17 09:33:20,dst_participant_terminated,,,Ext.1009,0539272140,10001,0539272140,10001,extension,external_line,external_line,ABDULHASEEB MOHAMMED,0539272140,0539272140
[2025-09-17 09:34:29.005733+00:00] Raw message on port 8000: Call 2025/09/17 09:34:20,0536978927,8451,,,2025/09/17 09:34:28,src_participant_terminated,,,Ext.8451,0536978927,10001,0536978927,,extension,external_line,outbound_rule,Jamil Agbay,0536978927,Mobile Call 4
[2025-09-17 09:34:32.204454+00:00] Raw message on port 8000: Call 2025/09/17 09:32:27,0546705437,1043,,,2025/09/17 09:34:31,no_route,,,Ext.1043,0546705437,10001,0546705437,,extension,external_line,outbound_rule,Noura Altamimi,0546705437,Mobile Call
[2025-09-17 09:34:47.357161+00:00] Raw message on port 8000: Call 2025/09/17 09:34:37,0536978927,1060,,,2025/09/17 09:34:46,src_participant_terminated,,,Ext.1060,0536978927,10001,0536978927,,extension,external_line,outbound_rule,Al Arid Male Receptionist1,0536978927,Mobile Call
[2025-09-17 09:34:51.667965+00:00] Raw message on port 8000: Call 2025/09/17 09:29:59,0533368489,7177,00:04:35,2025/09/17 09:30:14,2025/09/17 09:34:50,dst_participant_terminated,,,Ext.7177,0533368489,10001,0533368489,10001,extension,external_line,external_line,Khadija Alharthi,0533368489,0533368489
[2025-09-17 09:35:15.868605+00:00] Raw message on port 8000: Call 2025/09/17 09:35:14,0559812261,1060,,,2025/09/17 09:35:15,declined,,,Ext.1060,0559812261,10001,0559812261,,extension,external_line,outbound_rule,Al Arid Male Receptionist1,0559812261,Mobile Call
[2025-09-17 09:36:34.882472+00:00] Raw message on port 8000: Call 2025/09/17 09:34:34,0559812261,8451,,,2025/09/17 09:36:34,src_participant_terminated,,,Ext.8451,0559812261,10001,0559812261,,extension,external_line,outbound_rule,Jamil Agbay,0559812261,Mobile Call 4
[2025-09-17 09:36:44.548961+00:00] Raw message on port 8000: Call 2025/09/17 09:36:21,0509328706,1339,00:00:13,2025/09/17 09:36:30,2025/09/17 09:36:43,src_participant_terminated,,,Ext.1339,0509328706,10001,0509328706,10001,extension,external_line,external_line,AlArid Female Reception,0509328706,0509328706
[2025-09-17 09:36:53.925341+00:00] Raw message on port 8000: Call 2025/09/17 09:35:59,0539072630,1150,,,2025/09/17 09:36:53,no_route,,,Ext.1150,0539072630,10001,0539072630,,extension,external_line,outbound_rule,Abdulrahman Rambe,0539072630,Mobile Call
[2025-09-17 09:37:05.825532+00:00] Raw message on port 8000: Call 2025/09/17 09:35:54,2247001,10001,00:01:10,2025/09/17 09:35:54,2025/09/17 09:37:05,src_participant_terminated,,,0531196646,8000,8000,Ext.8000,8000,provider,ivr,ivr,0531196646:Main Number,WelcomeMessage,WelcomeMessage
[2025-09-17 09:37:12.625340+00:00] Raw message on port 8000: Call 2025/09/17 09:36:40,0570474309,8451,,,2025/09/17 09:37:11,no_route,,,Ext.8451,0570474309,10001,0570474309,,extension,external_line,outbound_rule,Jamil Agbay,0570474309,Mobile Call 4
[2025-09-17 09:37:53.770355+00:00] Raw message on port 8000: Call 2025/09/17 09:36:58,0534619073,1150,,,2025/09/17 09:37:52,no_route,,,Ext.1150,0534619073,10001,0534619073,,extension,external_line,outbound_rule,Abdulrahman Rambe,0534619073,Mobile Call
[2025-09-17 09:38:22.146154+00:00] Raw message on port 8000: Call 2025/09/17 09:35:10,0555743331,7177,00:02:59,2025/09/17 09:35:21,2025/09/17 09:38:21,dst_participant_terminated,,,Ext.7177,0555743331,10001,0555743331,10001,extension,external_line,external_line,Khadija Alharthi,0555743331,0555743331
[2025-09-17 09:38:27.260093+00:00] Raw message on port 8000: Call 2025/09/17 09:37:13,0562667191,1043,,,2025/09/17 09:38:26,src_participant_terminated,,,Ext.1043,0562667191,10001,0562667191,,extension,external_line,outbound_rule,Noura Altamimi,0562667191,Mobile Call
[2025-09-17 09:38:40.450494+00:00] Raw message on port 8000: Call 2025/09/17 09:35:46,0555503779,1221,00:02:46,2025/09/17 09:35:53,2025/09/17 09:38:39,src_participant_terminated,,,Ext.1221,0555503779,10001,0555503779,10001,extension,external_line,external_line,Haya Alshammari,0555503779,0555503779
[2025-09-17 09:38:54.534710+00:00] Raw message on port 8000: Call 2025/09/17 09:36:52,0552826858,1339,,,2025/09/17 09:38:53,src_participant_terminated,,,Ext.1339,0552826858,10001,0552826858,,extension,external_line,outbound_rule,AlArid Female Reception,0552826858,Mobile Call
[2025-09-17 09:39:06.493533+00:00] Raw message on port 8000: Call 2025/09/17 09:37:55,0553278595,7216,00:00:59,2025/09/17 09:38:05,2025/09/17 09:39:05,src_participant_terminated,,,Ext.7216,0553278595,10001,0553278595,10001,extension,external_line,external_line,Asit Roy,0553278595,0553278595
[2025-09-17 09:40:28.462532+00:00] Raw message on port 8000: Call 2025/09/17 09:39:06,0535242104,1339,,,2025/09/17 09:40:27,src_participant_terminated,,,Ext.1339,0535242104,10001,0535242104,,extension,external_line,outbound_rule,AlArid Female Reception,0535242104,Mobile Call
[2025-09-17 09:40:33.156993+00:00] Raw message on port 8000: Call 2025/09/17 09:38:28,0559812261,8451,,,2025/09/17 09:40:32,no_route,,,Ext.8451,0559812261,10001,0559812261,,extension,external_line,outbound_rule,Jamil Agbay,0559812261,Mobile Call 4
[2025-09-17 09:40:52.829642+00:00] Raw message on port 8000: Call 2025/09/17 09:40:41,0535242104,1339,,,2025/09/17 09:40:52,declined,,,Ext.1339,0535242104,10001,0535242104,,extension,external_line,outbound_rule,AlArid Female Reception,0535242104,Mobile Call
[2025-09-17 09:42:23.471680+00:00] Raw message on port 8000: Call 2025/09/17 09:41:25,0536818543,1150,00:00:45,2025/09/17 09:41:36,2025/09/17 09:42:22,src_participant_terminated,,,Ext.1150,0536818543,10001,0536818543,10001,extension,external_line,external_line,Abdulrahman Rambe,0536818543,0536818543
[2025-09-17 09:42:46.257934+00:00] Raw message on port 8000: Call 2025/09/17 09:41:12,0559812261,8451,,,2025/09/17 09:42:45,src_participant_terminated,,,Ext.8451,0559812261,10001,0559812261,,extension,external_line,outbound_rule,Jamil Agbay,0559812261,Mobile Call 4
[2025-09-17 09:43:30.327097+00:00] Raw message on port 8000: Call 2025/09/17 09:39:41,0559807192,1221,00:03:27,2025/09/17 09:40:02,2025/09/17 09:43:29,dst_participant_terminated,,,Ext.1221,0559807192,10001,0559807192,10001,extension,external_line,external_line,Haya Alshammari,0559807192,0559807192
[2025-09-17 09:44:33.378108+00:00] Raw message on port 8000: Call 2025/09/17 09:44:16,0567509129,1179,00:00:06,2025/09/17 09:44:26,2025/09/17 09:44:32,dst_participant_terminated,,,Ext.1179,0567509129,10001,0567509129,10001,extension,external_line,external_line,Ahsan Mehrban Khan,0567509129,0567509129
[2025-09-17 09:45:18.200073+00:00] Raw message on port 8000: Call 2025/09/17 09:44:58,0567041996,8451,,,2025/09/17 09:45:17,declined,,,Ext.8451,0567041996,10001,0567041996,,extension,external_line,outbound_rule,Jamil Agbay,0567041996,Mobile Call 4
[2025-09-17 09:45:44.266496+00:00] Raw message on port 8000: Call 2025/09/17 09:43:39,0552826858,1339,,,2025/09/17 09:45:43,no_route,,,Ext.1339,0552826858,10001,0552826858,,extension,external_line,outbound_rule,AlArid Female Reception,0552826858,Mobile Call
[2025-09-17 09:46:03.491731+00:00] Raw message on port 8000: Call 2025/09/17 09:45:38,7463,1365,00:00:03,2025/09/17 09:45:59,2025/09/17 09:46:02,dst_participant_terminated,,,Ext.1365,7463,7463,Ext.6666,7463,extension,voicemail,voicemail,NAEEM ULLAH,Dilshan Kasun,Dilshan Kasun
[2025-09-17 09:47:56.759665+00:00] Raw message on port 8000: Call 2025/09/17 09:46:38,1334,1365,00:00:58,2025/09/17 09:46:57,2025/09/17 09:47:55,dst_participant_terminated,,,Ext.1365,1334,1334,Ext.1334,1334,extension,extension,extension,NAEEM ULLAH,MD SAHIL ALAM,MD SAHIL ALAM
[2025-09-17 09:48:22.413712+00:00] Raw message on port 8000: Call 2025/09/17 09:38:52,0500962797,1134,00:09:25,2025/09/17 09:38:55,2025/09/17 09:48:21,src_participant_terminated,,,Ext.1134,0500962797,10001,0500962797,10001,extension,external_line,external_line,Afrah Almantshri,0500962797,0500962797
[2025-09-17 09:48:28.592053+00:00] Raw message on port 8000: Call 2025/09/17 09:46:29,0552826858,1339,,,2025/09/17 09:48:27,no_route,,,Ext.1339,0552826858,10001,0552826858,,extension,external_line,outbound_rule,AlArid Female Reception,0552826858,Mobile Call
[2025-09-17 09:49:02.133989+00:00] Raw message on port 8000: Call 2025/09/17 09:48:07,0569041380,1273,00:00:02,2025/09/17 09:48:58,2025/09/17 09:49:01,src_participant_terminated,,,Ext.1273,0569041380,10001,0569041380,10001,extension,external_line,external_line,Waad Almutairi,0569041380,0569041380
[2025-09-17 09:49:07.781748+00:00] Raw message on port 8000: Call 2025/09/17 09:48:42,7403,1009,00:00:03,2025/09/17 09:49:03,2025/09/17 09:49:06,dst_participant_terminated,,,Ext.1009,7403,7403,Ext.6666,7403,extension,voicemail,voicemail,ABDULHASEEB MOHAMMED,Fayez Albariki,Fayez Albariki
[2025-09-17 09:49:37.819303+00:00] Raw message on port 8000: Call 2025/09/17 09:49:12,7403,1009,00:00:03,2025/09/17 09:49:33,2025/09/17 09:49:37,dst_participant_terminated,,,Ext.1009,7403,7403,Ext.6666,7403,extension,voicemail,voicemail,ABDULHASEEB MOHAMMED,Fayez Albariki,Fayez Albariki
[2025-09-17 09:50:38.972907+00:00] Raw message on port 8000: Call 2025/09/17 09:48:34,0552826858,1339,,,2025/09/17 09:50:38,no_route,,,Ext.1339,0552826858,10001,0552826858,,extension,external_line,outbound_rule,AlArid Female Reception,0552826858,Mobile Call
[2025-09-17 09:51:27.425429+00:00] Raw message on port 8000: Call 2025/09/17 09:51:15,0550338145,1150,,,2025/09/17 09:51:26,src_participant_terminated,,,Ext.1150,0550338145,10001,0550338145,,extension,external_line,outbound_rule,Abdulrahman Rambe,0550338145,Mobile Call
[2025-09-17 09:52:05.295246+00:00] Raw message on port 8000: Call 2025/09/17 09:49:58,0540969571,1060,,,2025/09/17 09:52:04,no_route,,,Ext.1060,0540969571,10001,0540969571,,extension,external_line,outbound_rule,Al Arid Male Receptionist1,0540969571,Mobile Call
[2025-09-17 09:52:10.335582+00:00] Raw message on port 8000: Call 2025/09/17 09:52:06,1365,1334,00:00:03,2025/09/17 09:52:06,2025/09/17 09:52:09,dst_participant_terminated,,,Ext.1334,1365,1365,Ext.6666,1365,extension,voicemail,voicemail,MD SAHIL ALAM,NAEEM ULLAH,NAEEM ULLAH
[2025-09-17 09:52:11.691008+00:00] Raw message on port 8000: Call 2025/09/17 09:49:21,0507056215,1179,00:02:30,2025/09/17 09:49:39,2025/09/17 09:52:10,dst_participant_terminated,,,Ext.1179,0507056215,10001,0507056215,10001,extension,external_line,external_line,Ahsan Mehrban Khan,0507056215,0507056215
[2025-09-17 09:52:25.085674+00:00] Raw message on port 8000: Call 2025/09/17 09:49:54,6440,1009,00:02:19,2025/09/17 09:50:04,2025/09/17 09:52:24,dst_participant_terminated,,,Ext.1009,6440,6440,Ext.6440,6440,extension,extension,extension,ABDULHASEEB MOHAMMED,Hassan Binsiraj,Hassan Binsiraj
[2025-09-17 09:52:28.242611+00:00] Raw message on port 8000: Call 2025/09/17 09:52:13,2247001,10001,00:00:13,2025/09/17 09:52:14,2025/09/17 09:52:27,src_participant_terminated,,,569041380,8000,8000,Ext.8000,8000,provider,ivr,ivr,569041380:Main Number,WelcomeMessage,WelcomeMessage
[2025-09-17 09:53:04.535849+00:00] Raw message on port 8000: Call 2025/09/17 09:48:35,0532909671,1134,00:04:18,2025/09/17 09:48:45,2025/09/17 09:53:03,src_participant_terminated,,,Ext.1134,0532909671,10001,0532909671,10001,extension,external_line,external_line,Afrah Almantshri,0532909671,0532909671
[2025-09-17 09:54:15.986921+00:00] Raw message on port 8000: Call 2025/09/17 09:52:09,0540969571,1060,,,2025/09/17 09:54:15,no_route,,,Ext.1060,0540969571,10001,0540969571,,extension,external_line,outbound_rule,Al Arid Male Receptionist1,0540969571,Mobile Call
[2025-09-17 09:55:34.285718+00:00] Raw message on port 8000: Call 2025/09/17 09:55:19,0577334260,7258,,,2025/09/17 09:55:33,declined,,,Ext.7258,0577334260,10001,0577334260,,extension,external_line,outbound_rule,Julius Baniqued,0577334260,Mobile Call
[2025-09-17 09:57:00.636610+00:00] Raw message on port 8000: Call 2025/09/17 09:56:45,2247001,10001,00:00:13,2025/09/17 09:56:46,2025/09/17 09:56:59,src_participant_terminated,,,0531196646,8000,8000,Ext.8000,8000,provider,ivr,ivr,0531196646:Main Number,WelcomeMessage,WelcomeMessage
[2025-09-17 09:57:20.868959+00:00] Raw message on port 8000: Call 2025/09/17 09:56:55,6440,1009,00:00:03,2025/09/17 09:57:16,2025/09/17 09:57:20,dst_participant_terminated,,,Ext.1009,6440,6440,Ext.6666,6440,extension,voicemail,voicemail,ABDULHASEEB MOHAMMED,Hassan Binsiraj,Hassan Binsiraj
[2025-09-17 09:57:35.148691+00:00] Raw message on port 8000: Call 2025/09/17 09:56:16,0559812261,1060,,,2025/09/17 09:57:34,src_participant_terminated,,,Ext.1060,0559812261,10001,0559812261,,extension,external_line,outbound_rule,Al Arid Male Receptionist1,0559812261,Mobile Call
[2025-09-17 09:58:08.878552+00:00] Raw message on port 8000: Call 2025/09/17 09:57:10,2247001,10001,00:00:56,2025/09/17 09:57:11,2025/09/17 09:58:08,src_participant_terminated,,,0531196646,8000,8000,Ext.8000,8000,provider,ivr,ivr,0531196646:Main Number,WelcomeMessage,WelcomeMessage
[2025-09-17 09:58:35.236380+00:00] Raw message on port 8000: Call 2025/09/17 09:54:06,0565700427,1134,00:04:16,2025/09/17 09:54:17,2025/09/17 09:58:34,src_participant_terminated,,,Ext.1134,0565700427,10001,0565700427,10001,extension,external_line,external_line,Afrah Almantshri,0565700427,0565700427
[2025-09-17 09:58:44.623698+00:00] Raw message on port 8000: Call 2025/09/17 09:58:40,1365,1334,00:00:03,2025/09/17 09:58:40,2025/09/17 09:58:43,dst_participant_terminated,,,Ext.1334,1365,1365,Ext.6666,1365,extension,voicemail,voicemail,MD SAHIL ALAM,NAEEM ULLAH,NAEEM ULLAH
[2025-09-17 09:58:57.405635+00:00] Raw message on port 8000: Call 2025/09/17 09:54:56,0549765304,1273,00:03:54,2025/09/17 09:55:02,2025/09/17 09:58:56,src_participant_terminated,,,Ext.1273,0549765304,10001,0549765304,10001,extension,external_line,external_line,Waad Almutairi,0549765304,0549765304
[2025-09-17 09:59:09.782052+00:00] Raw message on port 8000: Call 2025/09/17 09:57:26,6440,1009,00:01:20,2025/09/17 09:57:48,2025/09/17 09:59:08,dst_participant_terminated,,,Ext.1009,6440,6440,Ext.6440,6440,extension,extension,extension,ABDULHASEEB MOHAMMED,Hassan Binsiraj,Hassan Binsiraj
[2025-09-17 09:59:43.898635+00:00] Raw message on port 8000: Call 2025/09/17 09:56:16,0552282263,1316,00:02:39,2025/09/17 09:57:03,2025/09/17 09:59:42,src_participant_terminated,,,Ext.1316,0552282263,10001,0552282263,10001,extension,external_line,external_line,Ali Al Dhabyah,0552282263,0552282263
[2025-09-17 10:00:39.537622+00:00] Raw message on port 8000: Call 2025/09/17 09:58:57,0504401188,7844,,,2025/09/17 10:00:38,src_participant_terminated,,,Ext.7844,0504401188,10001,0504401188,,extension,external_line,outbound_rule,Mohammed Zahrani,0504401188,Mobile Call
[2025-09-17 10:01:00.289661+00:00] Raw message on port 8000: Call 2025/09/17 10:00:12,0599225553,1316,00:00:02,2025/09/17 10:00:57,2025/09/17 10:00:59,src_participant_terminated,,,Ext.1316,0599225553,10001,0599225553,10001,extension,external_line,external_line,Ali Al Dhabyah,0599225553,0599225553
[2025-09-17 10:01:05.158450+00:00] Raw message on port 8000: Call 2025/09/17 10:00:55,2247001,10001,00:00:08,2025/09/17 10:00:55,2025/09/17 10:01:04,src_participant_terminated,,,0504401188,8000,8000,Ext.8000,8000,provider,ivr,ivr,0504401188:Main Number,WelcomeMessage,WelcomeMessage
[2025-09-17 10:01:14.578027+00:00] Raw message on port 8000: Call 2025/09/17 09:58:40,0509924128,1134,00:01:56,2025/09/17 09:59:16,2025/09/17 10:01:13,dst_participant_terminated,,,Ext.1134,0509924128,10001,0509924128,10001,extension,external_line,external_line,Afrah Almantshri,0509924128,0509924128
[2025-09-17 10:01:54.230992+00:00] Raw message on port 8000: Call 2025/09/17 09:59:06,7463,1335,00:02:37,2025/09/17 09:59:15,2025/09/17 10:01:53,src_participant_terminated,,,Ext.1335,7463,7463,Ext.7463,7463,extension,extension,extension,ISHFAQ HUSSAIN,Dilshan Kasun,Dilshan Kasun
[2025-09-17 10:02:05.900870+00:00] Raw message on port 8000: Call 2025/09/17 10:00:01,0540837482,1043,,,2025/09/17 10:02:05,no_route,,,Ext.1043,0540837482,10001,0540837482,,extension,external_line,outbound_rule,Noura Altamimi,0540837482,Mobile Call
[2025-09-17 10:02:24.071318+00:00] Raw message on port 8000: Call 2025/09/17 10:00:18,0552826858,1339,,,2025/09/17 10:02:23,no_route,,,Ext.1339,0552826858,10001,0552826858,,extension,external_line,outbound_rule,AlArid Female Reception,0552826858,Mobile Call
[2025-09-17 10:02:49.051806+00:00] Raw message on port 8000: Call 2025/09/17 10:02:42,0580024510,1043,,,2025/09/17 10:02:48,declined,,,Ext.1043,0580024510,10001,0580024510,,extension,external_line,outbound_rule,Noura Altamimi,0580024510,Mobile Call
[2025-09-17 10:03:46.301226+00:00] Raw message on port 8000: Call 2025/09/17 10:01:38,0568008007,1316,00:02:00,2025/09/17 10:01:44,2025/09/17 10:03:45,src_participant_terminated,,,Ext.1316,0568008007,10001,0568008007,10001,extension,external_line,external_line,Ali Al Dhabyah,0568008007,0568008007
[2025-09-17 10:04:37.146386+00:00] Raw message on port 8000: Call 2025/09/17 10:03:55,0536780127,1339,00:00:24,2025/09/17 10:04:12,2025/09/17 10:04:36,src_participant_terminated,,,Ext.1339,0536780127,10001,0536780127,10001,extension,external_line,external_line,AlArid Female Reception,0536780127,0536780127
[2025-09-17 10:04:45.589168+00:00] Raw message on port 8000: Call 2025/09/17 10:03:04,0580024510,1043,,,2025/09/17 10:04:44,no_route,,,Ext.1043,0580024510,10001,0580024510,,extension,external_line,outbound_rule,Noura Altamimi,0580024510,Mobile Call
[2025-09-17 10:04:58.385225+00:00] Raw message on port 8000: Call 2025/09/17 10:04:42,2247001,10001,00:00:14,2025/09/17 10:04:42,2025/09/17 10:04:57,src_participant_terminated,,,0536780127,8000,8000,Ext.8000,8000,provider,ivr,ivr,0536780127:Main Number,WelcomeMessage,WelcomeMessage
[2025-09-17 10:05:43.107409+00:00] Raw message on port 8000: Call 2025/09/17 10:03:36,0534331952,7313,,,2025/09/17 10:05:42,no_route,,,Ext.7313,0534331952,10001,0534331952,,extension,external_line,outbound_rule,Abdulkader Alsalkhadi,0534331952,Mobile Call
[2025-09-17 10:06:04.987859+00:00] Raw message on port 8000: Call 2025/09/17 10:06:02,0502918796,1043,,,2025/09/17 10:06:04,declined,,,Ext.1043,0502918796,10001,0502918796,,extension,external_line,outbound_rule,Noura Altamimi,0502918796,Mobile Call
[2025-09-17 10:07:17.491574+00:00] Raw message on port 8000: Call 2025/09/17 10:04:41,0554029951,1316,00:02:28,2025/09/17 10:04:48,2025/09/17 10:07:16,src_participant_terminated,,,Ext.1316,0554029951,10001,0554029951,10001,extension,external_line,external_line,Ali Al Dhabyah,0554029951,0554029951
[2025-09-17 10:07:35.408783+00:00] Raw message on port 8000: Call 2025/09/17 10:01:02,0506770566,7844,00:06:16,2025/09/17 10:01:18,2025/09/17 10:07:34,src_participant_terminated,,,Ext.7844,0506770566,10001,0506770566,10001,extension,external_line,external_line,Mohammed Zahrani,0506770566,0506770566
[2025-09-17 10:08:23.894233+00:00] Raw message on port 8000: Call 2025/09/17 10:08:18,0532425471,1273,,,2025/09/17 10:08:23,src_participant_terminated,,,Ext.1273,0532425471,10001,0532425471,,extension,external_line,outbound_rule,Waad Almutairi,0532425471,Mobile Call
WARNING 2025-09-17 13:09:29,842 log 784 126643320385664 Not Found: /.well-known/passkey-endpoints
[2025-09-17 10:09:35.626118+00:00] Raw message on port 8000: Call 2025/09/17 10:08:22,0540548284,1134,,,2025/09/17 10:09:34,declined,,,Ext.1134,0540548284,10001,0540548284,,extension,external_line,outbound_rule,Afrah Almantshri,0540548284,Mobile Call
[2025-09-17 10:09:53.666376+00:00] Raw message on port 8000: Call 2025/09/17 10:08:35,0531311501,1316,,,2025/09/17 10:09:52,src_participant_terminated,,,Ext.1316,0531311501,10001,0531311501,,extension,external_line,outbound_rule,Ali Al Dhabyah,0531311501,Mobile Call
[2025-09-17 10:11:09.449635+00:00] Raw message on port 8000: Call 2025/09/17 10:10:23,0554040794,1316,00:00:10,2025/09/17 10:10:57,2025/09/17 10:11:08,src_participant_terminated,,,Ext.1316,0554040794,10001,0554040794,10001,extension,external_line,external_line,Ali Al Dhabyah,0554040794,0554040794
[2025-09-17 10:11:41.236008+00:00] Raw message on port 8000: Call 2025/09/17 10:11:30,0555252181,1316,,,2025/09/17 10:11:40,declined,,,Ext.1316,0555252181,10001,0555252181,,extension,external_line,outbound_rule,Ali Al Dhabyah,0555252181,Mobile Call
[2025-09-17 10:11:50.655317+00:00] Raw message on port 8000: Call 2025/09/17 10:11:35,0504340265,1025,,,2025/09/17 10:11:49,src_participant_terminated,,,Ext.1025,0504340265,10001,0504340265,,extension,external_line,outbound_rule,Amirah Al Mutairi,0504340265,Mobile Call
[2025-09-17 10:11:51.851750+00:00] Raw message on port 8000: Call 2025/09/17 10:08:23,0504401188,7844,00:03:22,2025/09/17 10:08:27,2025/09/17 10:11:50,src_participant_terminated,,,Ext.7844,0504401188,10001,0504401188,10001,extension,external_line,external_line,Mohammed Zahrani,0504401188,0504401188
[2025-09-17 10:12:32.024220+00:00] Raw message on port 8000: Call 2025/09/17 10:12:11,2247001,10001,00:00:19,2025/09/17 10:12:11,2025/09/17 10:12:31,src_participant_terminated,,,0555252181,8000,8000,Ext.8000,8000,provider,ivr,ivr,0555252181:Main Number,WelcomeMessage,WelcomeMessage
[2025-09-17 10:12:45.147007+00:00] Raw message on port 8000: Call 2025/09/17 10:12:13,0509922990,1316,00:00:22,2025/09/17 10:12:21,2025/09/17 10:12:44,dst_participant_terminated,,,Ext.1316,0509922990,10001,0509922990,10001,extension,external_line,external_line,Ali Al Dhabyah,0509922990,0509922990
[2025-09-17 10:13:17.311318+00:00] Raw message on port 8000: Call 2025/09/17 10:12:04,0555453339,1161,00:00:42,2025/09/17 10:12:33,2025/09/17 10:13:15,src_participant_terminated,,,Ext.1161,0555453339,10001,0555453339,10001,extension,external_line,external_line,Rawan Almalki,0555453339,0555453339
[2025-09-17 10:14:22.338410+00:00] Raw message on port 8000: Call 2025/09/17 10:11:55,0504340265,1025,00:02:20,2025/09/17 10:12:00,2025/09/17 10:14:21,dst_participant_terminated,,,Ext.1025,0504340265,10001,0504340265,10001,extension,external_line,external_line,Amirah Al Mutairi,0504340265,0504340265
[2025-09-17 10:15:44.362792+00:00] Raw message on port 8000: Call 2025/09/17 10:13:51,0554509444,1316,00:01:35,2025/09/17 10:14:08,2025/09/17 10:15:43,src_participant_terminated,,,Ext.1316,0554509444,10001,0554509444,10001,extension,external_line,external_line,Ali Al Dhabyah,0554509444,0554509444
[2025-09-17 10:17:18.418105+00:00] Raw message on port 8000: Call 2025/09/17 10:16:54,0552464092,1339,00:00:08,2025/09/17 10:17:08,2025/09/17 10:17:17,dst_participant_terminated,,,Ext.1339,0552464092,10001,0552464092,10001,extension,external_line,external_line,AlArid Female Reception,0552464092,0552464092
[2025-09-17 10:17:26.578165+00:00] Raw message on port 8000: Call 2025/09/17 10:15:59,2247001,10001,00:01:25,2025/09/17 10:15:59,2025/09/17 10:17:25,src_participant_terminated,,,0502845750,8000,8000,Ext.8000,8000,provider,ivr,ivr,0502845750:Main Number,WelcomeMessage,WelcomeMessage
[2025-09-17 10:17:32.531658+00:00] Raw message on port 8000: Call 2025/09/17 10:16:19,0505574790,1316,,,2025/09/17 10:17:31,src_participant_terminated,,,Ext.1316,0505574790,10001,0505574790,,extension,external_line,outbound_rule,Ali Al Dhabyah,0505574790,Mobile Call
WARNING 2025-09-17 13:17:35,250 log 784 126643320385664 Not Found: /one_detail/
[2025-09-17 10:18:05.497646+00:00] Raw message on port 8000: Call 2025/09/17 10:15:59,0533954820,8451,,,2025/09/17 10:18:04,no_route,,,Ext.8451,0533954820,10001,0533954820,,extension,external_line,outbound_rule,Jamil Agbay,0533954820,Mobile Call 4
[2025-09-17 10:18:19.503823+00:00] Raw message on port 8000: Call 2025/09/17 10:17:46,0552464092,1339,00:00:15,2025/09/17 10:18:02,2025/09/17 10:18:18,dst_participant_terminated,,,Ext.1339,0552464092,10001,0552464092,10001,extension,external_line,external_line,AlArid Female Reception,0552464092,0552464092
[2025-09-17 10:18:20.441162+00:00] Raw message on port 8000: Call 2025/09/17 10:18:01,0547280509,1316,,,2025/09/17 10:18:19,src_participant_terminated,,,Ext.1316,0547280509,10001,0547280509,,extension,external_line,outbound_rule,Ali Al Dhabyah,0547280509,Mobile Call
[2025-09-17 10:18:52.964796+00:00] Raw message on port 8000: Call 2025/09/17 10:17:33,2247001,10001,00:01:18,2025/09/17 10:17:33,2025/09/17 10:18:52,src_participant_terminated,,,0502845750,8000,8000,Ext.8000,8000,provider,ivr,ivr,0502845750:Main Number,WelcomeMessage,WelcomeMessage
[2025-09-17 10:20:01.394376+00:00] Raw message on port 8000: Call 2025/09/17 10:19:25,2247001,10001,00:00:35,2025/09/17 10:19:25,2025/09/17 10:20:00,dst_participant_terminated,ReplacedDst,,0552042009,8000,8000,Ext.8001,8001,provider,ivr,ivr,0552042009:Main Number,WelcomeMessage,ArabicDailExt
[2025-09-17 10:20:24.706709+00:00] Raw message on port 8000: Call 2025/09/17 10:20:06,0555727814,1348,,,2025/09/17 10:20:23,src_participant_terminated,,,Ext.1348,0555727814,10001,0555727814,,extension,external_line,outbound_rule,Samaher Alharbi,0555727814,Mobile Call
[2025-09-17 10:20:37.962647+00:00] Raw message on port 8000: Call 2025/09/17 10:20:31,2247001,10001,00:00:05,2025/09/17 10:20:31,2025/09/17 10:20:37,src_participant_terminated,,,0555727814,8000,8000,Ext.8000,8000,provider,ivr,ivr,0555727814:Main Number,WelcomeMessage,WelcomeMessage
[2025-09-17 10:20:46.642819+00:00] Raw message on port 8000: Call 2025/09/17 10:18:40,0533954820,8451,,,2025/09/17 10:20:45,no_route,,,Ext.8451,0533954820,10001,0533954820,,extension,external_line,outbound_rule,Jamil Agbay,0533954820,Mobile Call 4
[2025-09-17 10:21:23.359508+00:00] Raw message on port 8000: Call 2025/09/17 10:19:13,0552826858,1339,,,2025/09/17 10:21:22,no_route,,,Ext.1339,0552826858,10001,0552826858,,extension,external_line,outbound_rule,AlArid Female Reception,0552826858,Mobile Call
[2025-09-17 10:21:24.178234+00:00] Raw message on port 8000: Call 2025/09/17 10:21:10,0533954820,8451,,,2025/09/17 10:21:23,src_participant_terminated,,,Ext.8451,0533954820,10001,0533954820,,extension,external_line,outbound_rule,Jamil Agbay,0533954820,Mobile Call 4
[2025-09-17 10:21:47.149608+00:00] Raw message on port 8000: Call 2025/09/17 10:18:41,00971582096834,7474,00:02:55,2025/09/17 10:18:51,2025/09/17 10:21:46,src_participant_terminated,,,Ext.7474,00971582096834,10001,00971582096834,10001,extension,external_line,external_line,Osama Qassumah,00971582096834,00971582096834
[2025-09-17 10:22:08.604481+00:00] Raw message on port 8000: Call 2025/09/17 10:21:32,0573895532,8451,00:00:24,2025/09/17 10:21:43,2025/09/17 10:22:07,src_participant_terminated,,,Ext.8451,0573895532,10001,0573895532,10001,extension,external_line,external_line,Jamil Agbay,0573895532,0573895532
[2025-09-17 10:22:16.296360+00:00] Raw message on port 8000: Call 2025/09/17 10:21:28,0508330587,1221,00:00:36,2025/09/17 10:21:38,2025/09/17 10:22:15,dst_participant_terminated,,,Ext.1221,0508330587,10001,0508330587,10001,extension,external_line,external_line,Haya Alshammari,0508330587,0508330587
[2025-09-17 10:22:26.579246+00:00] Raw message on port 8000: Call 2025/09/17 10:22:12,0538474069,1348,,,2025/09/17 10:22:25,src_participant_terminated,,,Ext.1348,0538474069,10001,0538474069,,extension,external_line,outbound_rule,Samaher Alharbi,0538474069,Mobile Call
[2025-09-17 10:22:35.715354+00:00] Raw message on port 8000: Call 2025/09/17 10:22:28,2247001,10001,00:00:05,2025/09/17 10:22:29,2025/09/17 10:22:34,src_participant_terminated,,,599225553,8000,8000,Ext.8000,8000,provider,ivr,ivr,599225553:Main Number,WelcomeMessage,WelcomeMessage
[2025-09-17 10:22:43.761405+00:00] Raw message on port 8000: Call 2025/09/17 10:22:17,0573814655,8451,00:00:13,2025/09/17 10:22:29,2025/09/17 10:22:42,src_participant_terminated,,,Ext.8451,0573814655,10001,0573814655,10001,extension,external_line,external_line,Jamil Agbay,0573814655,0573814655
[2025-09-17 10:23:32.259351+00:00] Raw message on port 8000: Call 2025/09/17 10:20:00,0569900061,7177,00:03:15,2025/09/17 10:20:15,2025/09/17 10:23:31,dst_participant_terminated,,,Ext.7177,0569900061,10001,0569900061,10001,extension,external_line,external_line,Khadija Alharthi,0569900061,0569900061
[2025-09-17 10:23:34.099285+00:00] Raw message on port 8000: Call 2025/09/17 10:21:29,0552826858,1339,,,2025/09/17 10:23:33,no_route,,,Ext.1339,0552826858,10001,0552826858,,extension,external_line,outbound_rule,AlArid Female Reception,0552826858,Mobile Call
[2025-09-17 10:23:36.848687+00:00] Raw message on port 8000: Call 2025/09/17 10:23:07,0556661241,7795,,,2025/09/17 10:23:36,src_participant_terminated,,,Ext.7795,0556661241,10001,0556661241,,extension,external_line,outbound_rule,Ahmed Aledwani,0556661241,Mobile Call 2
[2025-09-17 10:25:22.539949+00:00] Raw message on port 8000: Call 2025/09/17 10:23:15,0533954820,8451,,,2025/09/17 10:25:21,no_route,,,Ext.8451,0533954820,10001,0533954820,,extension,external_line,outbound_rule,Jamil Agbay,0533954820,Mobile Call 4
[2025-09-17 10:25:40.138828+00:00] Raw message on port 8000: Call 2025/09/17 10:25:11,2247001,10001,00:00:27,2025/09/17 10:25:11,2025/09/17 10:25:39,src_participant_terminated,,,0507813017,8000,8000,Ext.8000,8000,provider,ivr,ivr,0507813017:Main Number,WelcomeMessage,WelcomeMessage
[2025-09-17 10:26:00.054114+00:00] Raw message on port 8000: Call 2025/09/17 10:25:38,0533954820,8451,,,2025/09/17 10:25:59,src_participant_terminated,,,Ext.8451,0533954820,10001,0533954820,,extension,external_line,outbound_rule,Jamil Agbay,0533954820,Mobile Call 4
[2025-09-17 10:26:46.127288+00:00] Raw message on port 8000: Call 2025/09/17 10:22:41,0530472717,1043,00:03:40,2025/09/17 10:23:04,2025/09/17 10:26:45,src_participant_terminated,,,Ext.1043,0530472717,10001,0530472717,10001,extension,external_line,external_line,Noura Altamimi,0530472717,0530472717
[2025-09-17 10:27:20.725607+00:00] Raw message on port 8000: Call 2025/09/17 10:24:30,0554597529,1348,00:02:35,2025/09/17 10:24:44,2025/09/17 10:27:19,src_participant_terminated,,,Ext.1348,0554597529,10001,0554597529,10001,extension,external_line,external_line,Samaher Alharbi,0554597529,0554597529
[2025-09-17 10:27:33.127567+00:00] Raw message on port 8000: Call 2025/09/17 10:27:10,6660,1000,00:00:00,2025/09/17 10:27:32,2025/09/17 10:27:32,src_participant_terminated,,,Ext.1000,6660,6660,Ext.6666,6660,extension,voicemail,voicemail,SMASCO Reception,Alaa Eldin Ibrahim Elamin,Alaa Eldin Ibrahim Elamin
[2025-09-17 10:28:10.045681+00:00] Raw message on port 8000: Call 2025/09/17 10:27:45,6000,1000,00:00:02,2025/09/17 10:28:06,2025/09/17 10:28:09,src_participant_terminated,,,Ext.1000,6000,6000,Ext.6666,6000,extension,voicemail,voicemail,SMASCO Reception,Faris Hamad Al Sarhan,Faris Hamad Al Sarhan
[2025-09-17 10:28:40.583540+00:00] Raw message on port 8000: Call 2025/09/17 10:28:17,6660,1000,00:00:01,2025/09/17 10:28:38,2025/09/17 10:28:39,src_participant_terminated,,,Ext.1000,6660,6660,Ext.6666,6660,extension,voicemail,voicemail,SMASCO Reception,Alaa Eldin Ibrahim Elamin,Alaa Eldin Ibrahim Elamin
[2025-09-17 10:28:48.620807+00:00] Raw message on port 8000: Call 2025/09/17 10:18:31,0554414409,1316,00:10:12,2025/09/17 10:18:35,2025/09/17 10:28:47,dst_participant_terminated,,,Ext.1316,0554414409,10001,0554414409,10001,extension,external_line,external_line,Ali Al Dhabyah,0554414409,0554414409
[2025-09-17 10:29:06.601136+00:00] Raw message on port 8000: Call 2025/09/17 10:27:06,0552826858,1339,,,2025/09/17 10:29:05,no_route,,,Ext.1339,0552826858,10001,0552826858,,extension,external_line,outbound_rule,AlArid Female Reception,0552826858,Mobile Call
[2025-09-17 10:30:45.429551+00:00] Raw message on port 8000: Call 2025/09/17 10:30:32,2247033,10001,00:00:11,2025/09/17 10:30:32,2025/09/17 10:30:44,src_participant_terminated,,,00971563887799,8004,8004,Ext.8004,8004,provider,ivr,ivr,00971563887799,Areeb IVR,Areeb IVR
[2025-09-17 10:31:32.903762+00:00] Raw message on port 8000: Call 2025/09/17 10:29:31,0558075179,1009,00:01:48,2025/09/17 10:29:43,2025/09/17 10:31:31,src_participant_terminated,,,Ext.1009,0558075179,10001,0558075179,10001,extension,external_line,external_line,ABDULHASEEB MOHAMMED,0558075179,0558075179
[2025-09-17 10:32:03.622839+00:00] Raw message on port 8000: Call 2025/09/17 10:31:21,0552050036,1316,00:00:30,2025/09/17 10:31:32,2025/09/17 10:32:02,src_participant_terminated,,,Ext.1316,0552050036,10001,0552050036,10001,extension,external_line,external_line,Ali Al Dhabyah,0552050036,0552050036
[2025-09-17 10:32:25.588593+00:00] Raw message on port 8000: Call 2025/09/17 10:30:20,0552826858,1339,,,2025/09/17 10:32:24,no_route,,,Ext.1339,0552826858,10001,0552826858,,extension,external_line,outbound_rule,AlArid Female Reception,0552826858,Mobile Call
[2025-09-17 10:32:58.309941+00:00] Raw message on port 8000: Call 2025/09/17 10:32:47,7918,7921,00:00:07,2025/09/17 10:32:50,2025/09/17 10:32:57,dst_participant_terminated,,,Ext.7921,7918,7918,Ext.7918,7918,extension,extension,extension,Moamar Mortada Mustafa,Noman saeed,Noman saeed
[2025-09-17 10:32:58.748051+00:00] Raw message on port 8000: Call 2025/09/17 10:31:38,0571015716,8451,00:00:47,2025/09/17 10:32:10,2025/09/17 10:32:57,src_participant_terminated,,,Ext.8451,0571015716,10001,0571015716,10001,extension,external_line,external_line,Jamil Agbay,0571015716,0571015716
[2025-09-17 10:33:28.137624+00:00] Raw message on port 8000: Call 2025/09/17 10:32:37,0500656966,1316,,,2025/09/17 10:33:27,src_participant_terminated,,,Ext.1316,0500656966,10001,0500656966,,extension,external_line,outbound_rule,Ali Al Dhabyah,0500656966,Mobile Call
[2025-09-17 10:34:05.091667+00:00] Raw message on port 8000: Call 2025/09/17 10:33:51,0566814108,1316,,,2025/09/17 10:34:04,declined,,,Ext.1316,0566814108,10001,0566814108,,extension,external_line,outbound_rule,Ali Al Dhabyah,0566814108,Mobile Call
[2025-09-17 10:34:20.964743+00:00] Raw message on port 8000: Call 2025/09/17 10:33:28,0510942811,1060,00:00:25,2025/09/17 10:33:54,2025/09/17 10:34:20,dst_participant_terminated,,,Ext.1060,0510942811,10001,0510942811,10001,extension,external_line,external_line,Al Arid Male Receptionist1,0510942811,0510942811
[2025-09-17 10:35:00.386398+00:00] Raw message on port 8000: Call 2025/09/17 10:34:26,0558206624,1339,,,2025/09/17 10:34:59,src_participant_terminated,,,Ext.1339,0558206624,10001,0558206624,,extension,external_line,outbound_rule,AlArid Female Reception,0558206624,Mobile Call
[2025-09-17 10:35:07.863627+00:00] Raw message on port 8000: Call 2025/09/17 10:32:17,0538614622,1150,00:02:24,2025/09/17 10:32:42,2025/09/17 10:35:06,src_participant_terminated,,,Ext.1150,0538614622,10001,0538614622,10001,extension,external_line,external_line,Abdulrahman Rambe,0538614622,0538614622
[2025-09-17 10:35:46.739041+00:00] Raw message on port 8000: Call 2025/09/17 10:35:07,0503083474,1316,00:00:24,2025/09/17 10:35:20,2025/09/17 10:35:45,src_participant_terminated,,,Ext.1316,0503083474,10001,0503083474,10001,extension,external_line,external_line,Ali Al Dhabyah,0503083474,0503083474
[2025-09-17 10:35:55.926508+00:00] Raw message on port 8000: Call 2025/09/17 10:35:11,0530925371,1339,00:00:21,2025/09/17 10:35:33,2025/09/17 10:35:54,src_participant_terminated,,,Ext.1339,0530925371,10001,0530925371,10001,extension,external_line,external_line,AlArid Female Reception,0530925371,0530925371
[2025-09-17 10:36:27.968945+00:00] Raw message on port 8000: Call 2025/09/17 10:36:25,SMASCOReception,1339,,,2025/09/17 10:36:25,no_route,,,Ext.1339,SMASCOReception,EndCall,SMASCOReception,EndCall,extension,endcall,endcall,AlArid Female Reception,EndCall,EndCall
[2025-09-17 10:36:30.403144+00:00] Raw message on port 8000: Call 2025/09/17 10:35:56,0530925371,1339,00:00:14,2025/09/17 10:36:14,2025/09/17 10:36:29,src_participant_terminated,,,Ext.1339,0530925371,10001,0530925371,10001,extension,external_line,external_line,AlArid Female Reception,0530925371,0530925371
[2025-09-17 10:36:41.132794+00:00] Raw message on port 8000: Call 2025/09/17 10:36:38,SMASCOReception,1339,,,2025/09/17 10:36:38,no_route,,,Ext.1339,SMASCOReception,EndCall,SMASCOReception,EndCall,extension,endcall,endcall,AlArid Female Reception,EndCall,EndCall
[2025-09-17 10:36:51.123392+00:00] Raw message on port 8000: Call 2025/09/17 10:36:30,0537737728,7795,,,2025/09/17 10:36:50,declined,,,Ext.7795,0537737728,10001,0537737728,,extension,external_line,outbound_rule,Ahmed Aledwani,0537737728,Mobile Call 2
[2025-09-17 10:37:13.711618+00:00] Raw message on port 8000: Call 2025/09/17 10:36:44,0530925371,1339,00:00:03,2025/09/17 10:37:08,2025/09/17 10:37:12,src_participant_terminated,,,Ext.1339,0530925371,10001,0530925371,10001,extension,external_line,external_line,AlArid Female Reception,0530925371,0530925371
[2025-09-17 10:37:18.507561+00:00] Raw message on port 8000: Call 2025/09/17 10:37:15,+966559000680,7795,,,2025/09/17 10:37:15,no_route,,,Ext.7795,+966559000680,EndCall,+966559000680,EndCall,extension,endcall,endcall,Ahmed Aledwani,EndCall,EndCall
[2025-09-17 10:37:27.625079+00:00] Raw message on port 8000: Call 2025/09/17 10:35:35,0568846862,1273,00:01:07,2025/09/17 10:36:18,2025/09/17 10:37:26,dst_participant_terminated,,,Ext.1273,0568846862,10001,0568846862,10001,extension,external_line,external_line,Waad Almutairi,0568846862,0568846862
[2025-09-17 10:37:53.770789+00:00] Raw message on port 8000: Call 2025/09/17 10:37:33,0580792111,1348,00:00:06,2025/09/17 10:37:45,2025/09/17 10:37:52,src_participant_terminated,,,Ext.1348,0580792111,10001,0580792111,10001,extension,external_line,external_line,Samaher Alharbi,0580792111,0580792111
[2025-09-17 10:38:13.604640+00:00] Raw message on port 8000: Call 2025/09/17 10:37:31,0531074060,1316,00:00:29,2025/09/17 10:37:43,2025/09/17 10:38:12,dst_participant_terminated,,,Ext.1316,0531074060,10001,0531074060,10001,extension,external_line,external_line,Ali Al Dhabyah,0531074060,0531074060
[2025-09-17 10:38:31.943631+00:00] Raw message on port 8000: Call 2025/09/17 10:24:29,0503361827,1221,00:13:52,2025/09/17 10:24:38,2025/09/17 10:38:30,src_participant_terminated,,,Ext.1221,0503361827,10001,0503361827,10001,extension,external_line,external_line,Haya Alshammari,0503361827,0503361827
[2025-09-17 10:38:49.707386+00:00] Raw message on port 8000: Call 2025/09/17 10:38:26,0553160904,7174,,,2025/09/17 10:38:48,src_participant_terminated,,,Ext.7174,0553160904,10001,0553160904,,extension,external_line,outbound_rule,Munawwarah Muhammad,0553160904,Mobile Call 2
[2025-09-17 10:39:10.797472+00:00] Raw message on port 8000: Call 2025/09/17 10:38:45,7117,1193,00:00:03,2025/09/17 10:39:06,2025/09/17 10:39:09,dst_participant_terminated,,,Ext.1193,7117,7117,Ext.6666,7117,extension,voicemail,voicemail,Khaled Al Amoudi,Riyaz Ahmed Mohammed,Riyaz Ahmed Mohammed
[2025-09-17 10:39:12.538649+00:00] Raw message on port 8000: Call 2025/09/17 10:39:00,0504391062,8451,,,2025/09/17 10:39:11,src_participant_terminated,,,Ext.8451,0504391062,10001,0504391062,,extension,external_line,outbound_rule,Jamil Agbay,0504391062,Mobile Call 4
[2025-09-17 10:39:36.172952+00:00] Raw message on port 8000: Call 2025/09/17 10:38:44,0533268891,1316,,,2025/09/17 10:39:35,src_participant_terminated,,,Ext.1316,0533268891,10001,0533268891,,extension,external_line,outbound_rule,Ali Al Dhabyah,0533268891,Mobile Call
[2025-09-17 10:39:40.399561+00:00] Raw message on port 8000: Call 2025/09/17 10:37:39,0545141929,1339,00:01:38,2025/09/17 10:38:00,2025/09/17 10:39:39,src_participant_terminated,,,Ext.1339,0545141929,10001,0545141929,10001,extension,external_line,external_line,AlArid Female Reception,0545141929,0545141929
[2025-09-17 10:39:41.744797+00:00] Raw message on port 8000: Call 2025/09/17 10:37:39,0559000680,7795,00:01:19,2025/09/17 10:38:21,2025/09/17 10:39:40,dst_participant_terminated,,,Ext.7795,0559000680,10001,0559000680,10001,extension,external_line,external_line,Ahmed Aledwani,0559000680,0559000680
[2025-09-17 10:39:50.125010+00:00] Raw message on port 8000: Call 2025/09/17 10:39:13,0504391062,8451,,,2025/09/17 10:39:49,src_participant_terminated,,,Ext.8451,0504391062,10001,0504391062,,extension,external_line,outbound_rule,Jamil Agbay,0504391062,Mobile Call 4
[2025-09-17 10:40:55.091431+00:00] Raw message on port 8000: Call 2025/09/17 10:39:59,0536721422,8451,,,2025/09/17 10:40:54,no_route,,,Ext.8451,0536721422,10001,0536721422,,extension,external_line,outbound_rule,Jamil Agbay,0536721422,Mobile Call 4
[2025-09-17 10:41:00.287331+00:00] Raw message on port 8000: Call 2025/09/17 10:40:33,0507332493,1273,,,2025/09/17 10:40:59,declined,,,Ext.1273,0507332493,10001,0507332493,,extension,external_line,outbound_rule,Waad Almutairi,0507332493,Mobile Call
[2025-09-17 10:41:11.707739+00:00] Raw message on port 8000: Call 2025/09/17 10:38:52,0556235210,7174,00:01:55,2025/09/17 10:39:15,2025/09/17 10:41:10,src_participant_terminated,,,Ext.7174,0556235210,10001,0556235210,10001,extension,external_line,external_line,Munawwarah Muhammad,0556235210,0556235210
[2025-09-17 10:41:35.207165+00:00] Raw message on port 8000: Call 2025/09/17 10:39:15,0540574862,1152,00:02:11,2025/09/17 10:39:22,2025/09/17 10:41:34,src_participant_terminated,,,Ext.1152,0540574862,10001,0540574862,10001,extension,external_line,external_line,Aljowhara Alarrak,0540574862,0540574862
[2025-09-17 10:41:51.265048+00:00] Raw message on port 8000: Call 2025/09/17 10:41:48,0563074024,1273,,,2025/09/17 10:41:50,src_participant_terminated,,,Ext.1273,0563074024,10001,0563074024,,extension,external_line,outbound_rule,Waad Almutairi,0563074024,Mobile Call
[2025-09-17 10:41:53.718769+00:00] Raw message on port 8000: Call 2025/09/17 10:39:30,0502723393,1134,00:02:09,2025/09/17 10:39:43,2025/09/17 10:41:52,src_participant_terminated,,,Ext.1134,0502723393,10001,0502723393,10001,extension,external_line,external_line,Afrah Almantshri,0502723393,0502723393
[2025-09-17 10:42:11.268729+00:00] Raw message on port 8000: Call 2025/09/17 10:42:00,0569378799,1134,,,2025/09/17 10:42:10,src_participant_terminated,,,Ext.1134,0569378799,10001,0569378799,,extension,external_line,outbound_rule,Afrah Almantshri,0569378799,Mobile Call
[2025-09-17 10:42:12.835684+00:00] Raw message on port 8000: Call 2025/09/17 10:41:26,0562314323,1062,00:00:31,2025/09/17 10:41:40,2025/09/17 10:42:11,src_participant_terminated,,,Ext.1062,0562314323,10001,0562314323,10001,extension,external_line,external_line,John Cyrus Enfestan Hopio,0562314323,0562314323
[2025-09-17 10:42:49.571000+00:00] Raw message on port 8000: Call 2025/09/17 10:42:22,0566266892,1149,,,2025/09/17 10:42:48,src_participant_terminated,,,Ext.1149,0566266892,10001,0566266892,,extension,external_line,outbound_rule,Abdulkarim Abdulsalam Mando,0566266892,Mobile Call
[2025-09-17 10:43:16.454618+00:00] Raw message on port 8000: Call 2025/09/17 10:42:24,0558206624,1339,00:00:15,2025/09/17 10:43:00,2025/09/17 10:43:15,src_participant_terminated,,,Ext.1339,0558206624,10001,0558206624,10001,extension,external_line,external_line,AlArid Female Reception,0558206624,0558206624
[2025-09-17 10:43:32.336543+00:00] Raw message on port 8000: Call 2025/09/17 10:43:05,0566266892,1149,,,2025/09/17 10:43:31,src_participant_terminated,,,Ext.1149,0566266892,10001,0566266892,,extension,external_line,outbound_rule,Abdulkarim Abdulsalam Mando,0566266892,Mobile Call
[2025-09-17 10:44:07.422827+00:00] Raw message on port 8000: Call 2025/09/17 10:43:01,0590082081,1221,00:00:56,2025/09/17 10:43:10,2025/09/17 10:44:06,dst_participant_terminated,,,Ext.1221,0590082081,10001,0590082081,10001,extension,external_line,external_line,Haya Alshammari,0590082081,0590082081
[2025-09-17 10:44:17.999459+00:00] Raw message on port 8000: Call 2025/09/17 10:44:15,557583597,1062,,,2025/09/17 10:44:15,no_route,,,Ext.1062,557583597,EndCall,557583597,EndCall,extension,endcall,endcall,John Cyrus Enfestan Hopio,EndCall,EndCall
[2025-09-17 10:44:23.301450+00:00] Raw message on port 8000: Call 2025/09/17 10:44:06,6000,1000,,,2025/09/17 10:44:22,src_participant_terminated,,,Ext.1000,6000,6000,Ext.6000,6000,extension,extension,extension,SMASCO Reception,Faris Hamad Al Sarhan,Faris Hamad Al Sarhan
[2025-09-17 10:44:31.838704+00:00] Raw message on port 8000: Call 2025/09/17 10:44:18,0557583597,1062,00:00:06,2025/09/17 10:44:24,2025/09/17 10:44:30,src_participant_terminated,,,Ext.1062,0557583597,10001,0557583597,10001,extension,external_line,external_line,John Cyrus Enfestan Hopio,0557583597,0557583597
[2025-09-17 10:44:37.769263+00:00] Raw message on port 8000: Call 2025/09/17 10:42:32,0505943094,1134,00:01:58,2025/09/17 10:42:38,2025/09/17 10:44:36,dst_participant_terminated,,,Ext.1134,0505943094,10001,0505943094,10001,extension,external_line,external_line,Afrah Almantshri,0505943094,0505943094
[2025-09-17 10:44:41.748791+00:00] Raw message on port 8000: Call 2025/09/17 10:42:46,0507020407,1273,00:01:41,2025/09/17 10:42:59,2025/09/17 10:44:40,src_participant_terminated,,,Ext.1273,0507020407,10001,0507020407,10001,extension,external_line,external_line,Waad Almutairi,0507020407,0507020407
[2025-09-17 10:44:56.464025+00:00] Raw message on port 8000: Call 2025/09/17 10:44:33,0537141849,1062,00:00:14,2025/09/17 10:44:40,2025/09/17 10:44:55,src_participant_terminated,,,Ext.1062,0537141849,10001,0537141849,10001,extension,external_line,external_line,John Cyrus Enfestan Hopio,0537141849,0537141849
[2025-09-17 10:45:12.701625+00:00] Raw message on port 8000: Call 2025/09/17 10:44:44,6246,6264,00:00:21,2025/09/17 10:44:50,2025/09/17 10:45:11,dst_participant_terminated,,,Ext.6264,6246,6246,Ext.6246,6246,extension,extension,extension,Ayman Abdelaziz,Manuel Andal,Manuel Andal
[2025-09-17 10:45:23.150547+00:00] Raw message on port 8000: Call 2025/09/17 10:45:00,0537160353,1062,00:00:12,2025/09/17 10:45:10,2025/09/17 10:45:22,src_participant_terminated,,,Ext.1062,0537160353,10001,0537160353,10001,extension,external_line,external_line,John Cyrus Enfestan Hopio,0537160353,0537160353
[2025-09-17 10:45:56.496025+00:00] Raw message on port 8000: Call 2025/09/17 10:45:24,0530384372,1062,00:00:10,2025/09/17 10:45:44,2025/09/17 10:45:55,src_participant_terminated,,,Ext.1062,0530384372,10001,0530384372,10001,extension,external_line,external_line,John Cyrus Enfestan Hopio,0530384372,0530384372
[2025-09-17 10:46:00.379627+00:00] Raw message on port 8000: Call 2025/09/17 10:43:54,0552826858,1339,,,2025/09/17 10:45:59,no_route,,,Ext.1339,0552826858,10001,0552826858,,extension,external_line,outbound_rule,AlArid Female Reception,0552826858,Mobile Call
[2025-09-17 10:46:16.076397+00:00] Raw message on port 8000: Call 2025/09/17 10:45:58,0539144893,1062,00:00:07,2025/09/17 10:46:07,2025/09/17 10:46:15,src_participant_terminated,,,Ext.1062,0539144893,10001,0539144893,10001,extension,external_line,external_line,John Cyrus Enfestan Hopio,0539144893,0539144893
[2025-09-17 10:46:18.664737+00:00] Raw message on port 8000: Call 2025/09/17 10:45:50,0578685161,7736,00:00:09,2025/09/17 10:46:07,2025/09/17 10:46:17,src_participant_terminated,,,Ext.7736,0578685161,10001,0578685161,10001,extension,external_line,external_line,AAR SUTIYAH BT SAMUN DURAHIM,0578685161,0578685161
[2025-09-17 10:46:21.026255+00:00] Raw message on port 8000: Call 2025/09/17 10:45:43,0533056688,1273,00:00:02,2025/09/17 10:46:17,2025/09/17 10:46:20,src_participant_terminated,,,Ext.1273,0533056688,10001,0533056688,10001,extension,external_line,external_line,Waad Almutairi,0533056688,0533056688
[2025-09-17 10:46:32.279739+00:00] Raw message on port 8000: Call 2025/09/17 10:46:04,1000,6660,00:00:22,2025/09/17 10:46:08,2025/09/17 10:46:31,src_participant_terminated,,,Ext.6660,1000,1000,Ext.1000,1000,extension,extension,extension,Alaa Eldin Ibrahim Elamin,SMASCO Reception,SMASCO Reception
[2025-09-17 10:46:45.444029+00:00] Raw message on port 8000: Call 2025/09/17 10:46:17,0556879896,1062,00:00:06,2025/09/17 10:46:37,2025/09/17 10:46:44,src_participant_terminated,,,Ext.1062,0556879896,10001,0556879896,10001,extension,external_line,external_line,John Cyrus Enfestan Hopio,0556879896,0556879896
[2025-09-17 10:47:14.597609+00:00] Raw message on port 8000: Call 2025/09/17 10:45:25,6264,6246,00:01:44,2025/09/17 10:45:28,2025/09/17 10:47:13,dst_participant_terminated,,,Ext.6246,6264,6264,Ext.6264,6264,extension,extension,extension,Manuel Andal,Ayman Abdelaziz,Ayman Abdelaziz
[2025-09-17 10:47:29.940535+00:00] Raw message on port 8000: Call 2025/09/17 10:47:09,0537141849,8451,00:00:13,2025/09/17 10:47:15,2025/09/17 10:47:28,src_participant_terminated,,,Ext.8451,0537141849,10001,0537141849,10001,extension,external_line,external_line,Jamil Agbay,0537141849,0537141849
[2025-09-17 10:47:35.249730+00:00] Raw message on port 8000: Call 2025/09/17 10:47:05,7911,7921,00:00:18,2025/09/17 10:47:16,2025/09/17 10:47:34,src_participant_terminated,,,Ext.7921,7911,7911,Ext.7911,7911,extension,extension,extension,Moamar Mortada Mustafa,Rawan Nazar Alhendi,Rawan Nazar Alhendi
[2025-09-17 10:47:38.202363+00:00] Raw message on port 8000: Call 2025/09/17 10:46:46,0539232432,1062,00:00:12,2025/09/17 10:47:25,2025/09/17 10:47:37,src_participant_terminated,,,Ext.1062,0539232432,10001,0539232432,10001,extension,external_line,external_line,John Cyrus Enfestan Hopio,0539232432,0539232432
[2025-09-17 10:47:46.168914+00:00] Raw message on port 8000: Call 2025/09/17 10:47:30,6660,1000,00:00:02,2025/09/17 10:47:42,2025/09/17 10:47:45,src_participant_terminated,,,Ext.1000,6660,6660,Ext.6666,6660,extension,voicemail,voicemail,SMASCO Reception,Alaa Eldin Ibrahim Elamin,Alaa Eldin Ibrahim Elamin
[2025-09-17 10:47:59.603617+00:00] Raw message on port 8000: Call 2025/09/17 10:47:44,0562314323,8451,,,2025/09/17 10:47:58,declined,,,Ext.8451,0562314323,10001,0562314323,,extension,external_line,outbound_rule,Jamil Agbay,0562314323,Mobile Call 4
[2025-09-17 10:48:24.907037+00:00] Raw message on port 8000: Call 2025/09/17 10:45:27,0540574862,1152,00:02:51,2025/09/17 10:45:32,2025/09/17 10:48:23,dst_participant_terminated,,,Ext.1152,0540574862,10001,0540574862,10001,extension,external_line,external_line,Aljowhara Alarrak,0540574862,0540574862
[2025-09-17 10:48:32.535646+00:00] Raw message on port 8000: Call 2025/09/17 10:46:41,0553353000,1221,00:01:39,2025/09/17 10:46:51,2025/09/17 10:48:31,dst_participant_terminated,,,Ext.1221,0553353000,10001,0553353000,10001,extension,external_line,external_line,Haya Alshammari,0553353000,0553353000
[2025-09-17 10:49:06.724590+00:00] Raw message on port 8000: Call 2025/09/17 10:48:52,1000,6660,00:00:09,2025/09/17 10:48:56,2025/09/17 10:49:05,dst_participant_terminated,,,Ext.6660,1000,1000,Ext.1000,1000,extension,extension,extension,Alaa Eldin Ibrahim Elamin,SMASCO Reception,SMASCO Reception
[2025-09-17 10:50:04.298365+00:00] Raw message on port 8000: Call 2025/09/17 10:48:10,0505365283,1134,00:01:44,2025/09/17 10:48:18,2025/09/17 10:50:03,src_participant_terminated,,,Ext.1134,0505365283,10001,0505365283,10001,extension,external_line,external_line,Afrah Almantshri,0505365283,0505365283
[2025-09-17 10:50:23.940726+00:00] Raw message on port 8000: Call 2025/09/17 10:48:45,0567775466,1273,00:01:30,2025/09/17 10:48:52,2025/09/17 10:50:22,src_participant_terminated,,,Ext.1273,0567775466,10001,0567775466,10001,extension,external_line,external_line,Waad Almutairi,0567775466,0567775466
[2025-09-17 10:50:35.283019+00:00] Raw message on port 8000: Call 2025/09/17 10:49:43,2247001,10001,00:00:50,2025/09/17 10:49:43,2025/09/17 10:50:34,dst_participant_terminated,ReplacedDst,,0555100801,8000,8000,Ext.6666,7842,provider,ivr,voicemail,0555100801:Main Number,WelcomeMessage,Ahmed Ahmed
[2025-09-17 10:51:04.576599+00:00] Raw message on port 8000: Call 2025/09/17 10:50:40,0501500316,1188,,,2025/09/17 10:51:03,src_participant_terminated,,,Ext.1188,0501500316,10001,0501500316,,extension,external_line,outbound_rule,Ian Christopher Alcantara,0501500316,Mobile Call
[2025-09-17 10:51:13.622724+00:00] Raw message on port 8000: Call 2025/09/17 10:51:10,2247001,10001,00:00:02,2025/09/17 10:51:10,2025/09/17 10:51:12,src_participant_terminated,,,501500316,8000,8000,Ext.8000,8000,provider,ivr,ivr,501500316:Main Number,WelcomeMessage,WelcomeMessage
[2025-09-17 10:51:26.129112+00:00] Raw message on port 8000: Call 2025/09/17 10:51:00,7458,7549,00:00:03,2025/09/17 10:51:22,2025/09/17 10:51:25,src_participant_terminated,,,Ext.7549,7458,7458,Ext.6666,7458,extension,voicemail,voicemail,Binny Anbalagan,Niaz Ahmed,Niaz Ahmed
[2025-09-17 10:52:05.637131+00:00] Raw message on port 8000: Call 2025/09/17 10:50:54,0552826858,1161,,,2025/09/17 10:52:04,src_participant_terminated,,,Ext.1161,0552826858,10001,0552826858,,extension,external_line,outbound_rule,Rawan Almalki,0552826858,Mobile Call
[2025-09-17 10:52:08.281510+00:00] Raw message on port 8000: Call 2025/09/17 10:51:51,0553176053,7174,,,2025/09/17 10:52:07,src_participant_terminated,,,Ext.7174,0553176053,10001,0553176053,,extension,external_line,outbound_rule,Munawwarah Muhammad,0553176053,Mobile Call 2
[2025-09-17 10:52:33.956239+00:00] Raw message on port 8000: Call 2025/09/17 10:51:44,0558552810,1273,00:00:29,2025/09/17 10:52:03,2025/09/17 10:52:32,src_participant_terminated,,,Ext.1273,0558552810,10001,0558552810,10001,extension,external_line,external_line,Waad Almutairi,0558552810,0558552810
[2025-09-17 10:52:51.640602+00:00] Raw message on port 8000: Call 2025/09/17 10:52:23,0558206624,1161,,,2025/09/17 10:52:50,src_participant_terminated,,,Ext.1161,0558206624,10001,0558206624,,extension,external_line,outbound_rule,Rawan Almalki,0558206624,Mobile Call
[2025-09-17 10:52:54.135992+00:00] Raw message on port 8000: Call 2025/09/17 10:50:08,0544149265,8817,00:02:35,2025/09/17 10:50:17,2025/09/17 10:52:53,src_participant_terminated,,,Ext.8817,0544149265,10001,0544149265,10001,extension,external_line,external_line,Sarah Alarfaj,0544149265,0544149265
[2025-09-17 10:53:02.604174+00:00] Raw message on port 8000: Call 2025/09/17 10:52:08,7921,7911,00:00:49,2025/09/17 10:52:12,2025/09/17 10:53:01,dst_participant_terminated,,,Ext.7911,7921,7921,Ext.7921,7921,extension,extension,extension,Rawan Nazar Alhendi,Moamar Mortada Mustafa,Moamar Mortada Mustafa
[2025-09-17 10:53:28.196774+00:00] Raw message on port 8000: Call 2025/09/17 10:53:26,0509030613,1152,,,2025/09/17 10:53:27,declined,,,Ext.1152,0509030613,10001,0509030613,,extension,external_line,outbound_rule,Aljowhara Alarrak,0509030613,Mobile Call
[2025-09-17 10:53:33.795817+00:00] Raw message on port 8000: Call 2025/09/17 10:53:21,2247001,10001,00:00:11,2025/09/17 10:53:21,2025/09/17 10:53:32,src_participant_terminated,,,541288265,8000,8000,Ext.8000,8000,provider,ivr,ivr,541288265:Main Number,WelcomeMessage,WelcomeMessage
[2025-09-17 10:53:40.533821+00:00] Raw message on port 8000: Call 2025/09/17 10:51:56,0500463992,1221,,,2025/09/17 10:53:39,src_participant_terminated,,,Ext.1221,0500463992,10001,0500463992,,extension,external_line,outbound_rule,Haya Alshammari,0500463992,Mobile Call
[2025-09-17 10:53:42.168667+00:00] Raw message on port 8000: Call 2025/09/17 10:53:16,1127,8436,00:00:03,2025/09/17 10:53:38,2025/09/17 10:53:41,dst_participant_terminated,,,Ext.8436,1127,1127,Ext.6666,1127,extension,voicemail,voicemail,Md Rana,Ridzkan Jumdail Arawangsa,Ridzkan Jumdail Arawangsa
[2025-09-17 10:53:54.976736+00:00] Raw message on port 8000: Call 2025/09/17 10:53:49,0554778118,7843,,,2025/09/17 10:53:54,declined,,,Ext.7843,0554778118,10001,0554778118,,extension,external_line,outbound_rule,Abdulrahman Malki,0554778118,Mobile Call 2
[2025-09-17 10:54:06.221906+00:00] Raw message on port 8000: Call 2025/09/17 10:53:01,0560900048,1043,,,2025/09/17 10:54:05,declined,,,Ext.1043,0560900048,10001,0560900048,,extension,external_line,outbound_rule,Noura Altamimi,0560900048,Mobile Call
[2025-09-17 10:54:25.145333+00:00] Raw message on port 8000: Call 2025/09/17 10:54:15,2247001,10001,00:00:08,2025/09/17 10:54:15,2025/09/17 10:54:24,src_participant_terminated,,,554778118,8000,8000,Ext.8000,8000,provider,ivr,ivr,554778118:Main Number,WelcomeMessage,WelcomeMessage
[2025-09-17 10:54:28.068421+00:00] Raw message on port 8000: Call 2025/09/17 10:53:51,2247033,10001,00:00:35,2025/09/17 10:53:51,2025/09/17 10:54:27,src_participant_terminated,ReplacedDst,,0505354666,8004,8004,Ext.8006,8006,provider,ivr,ivr,0505354666,Areeb IVR,Areeb Arabic
[2025-09-17 10:54:30.686765+00:00] Raw message on port 8000: Call 2025/09/17 10:53:12,0558537539,1273,,,2025/09/17 10:54:29,src_participant_terminated,,,Ext.1273,0558537539,10001,0558537539,,extension,external_line,outbound_rule,Waad Almutairi,0558537539,Mobile Call
[2025-09-17 10:54:44.874480+00:00] Raw message on port 8000: Call 2025/09/17 10:54:22,0558206624,1161,,,2025/09/17 10:54:44,src_participant_terminated,,,Ext.1161,0558206624,10001,0558206624,,extension,external_line,outbound_rule,Rawan Almalki,0558206624,Mobile Call
[2025-09-17 10:54:51.114688+00:00] Raw message on port 8000: Call 2025/09/17 10:53:07,0599224070,8817,00:01:35,2025/09/17 10:53:14,2025/09/17 10:54:50,dst_participant_terminated,,,Ext.8817,0599224070,10001,0599224070,10001,extension,external_line,external_line,Sarah Alarfaj,0599224070,0599224070
[2025-09-17 10:56:09.036769+00:00] Raw message on port 8000: Call 2025/09/17 10:55:33,6139,6287,00:00:21,2025/09/17 10:55:47,2025/09/17 10:56:08,src_participant_terminated,,,Ext.6287,6139,6139,Ext.6139,6139,extension,extension,extension,Ryan Gaganting,Jayson Baba,Jayson Baba
[2025-09-17 10:56:11.451105+00:00] Raw message on port 8000: Call 2025/09/17 10:54:57,0509584787,1043,00:00:56,2025/09/17 10:55:13,2025/09/17 10:56:10,dst_participant_terminated,,,Ext.1043,0509584787,10001,0509584787,10001,extension,external_line,external_line,Noura Altamimi,0509584787,0509584787
[2025-09-17 10:56:32.943391+00:00] Raw message on port 8000: Call 2025/09/17 10:56:08,6246,1335,00:00:19,2025/09/17 10:56:12,2025/09/17 10:56:32,src_participant_terminated,,,Ext.1335,6246,6246,Ext.6246,6246,extension,extension,extension,ISHFAQ HUSSAIN,Manuel Andal,Manuel Andal
[2025-09-17 10:56:47.349974+00:00] Raw message on port 8000: Call 2025/09/17 10:56:27,6287,6139,00:00:16,2025/09/17 10:56:30,2025/09/17 10:56:46,dst_participant_terminated,,,Ext.6139,6287,6287,Ext.6287,6287,extension,extension,extension,Jayson Baba,Ryan Gaganting,Ryan Gaganting
[2025-09-17 10:57:00.608447+00:00] Raw message on port 8000: Call 2025/09/17 10:54:30,0501583900,7843,00:02:08,2025/09/17 10:54:50,2025/09/17 10:56:59,src_participant_terminated,,,Ext.7843,0501583900,10001,0501583900,10001,extension,external_line,external_line,Abdulrahman Malki,0501583900,0501583900
[2025-09-17 10:57:04.529663+00:00] Raw message on port 8000: Call 2025/09/17 10:56:39,6295,7644,00:00:19,2025/09/17 10:56:43,2025/09/17 10:57:03,src_participant_terminated,,,Ext.7644,6295,6295,Ext.6295,6295,extension,extension,extension,Uzair Ali Syed,Alarid Kitchen,Alarid Kitchen
[2025-09-17 10:57:13.276143+00:00] Raw message on port 8000: Call 2025/09/17 10:57:10,0597658864,6287,,,2025/09/17 10:57:12,src_participant_terminated,,,Ext.6287,0597658864,10001,0597658864,,extension,external_line,outbound_rule,Ryan Gaganting,0597658864,International Call 2
[2025-09-17 10:57:36.703892+00:00] Raw message on port 8000: Call 2025/09/17 10:55:48,2247001,10001,00:01:46,2025/09/17 10:55:49,2025/09/17 10:57:35,src_participant_terminated,ReplacedDst,,00917558846146,8000,8000,Ext.8002,8002,provider,ivr,ivr,00917558846146:Main Number,WelcomeMessage,EnglishDailExt
[2025-09-17 10:58:06.832895+00:00] Raw message on port 8000: Call 2025/09/17 10:53:33,0509030613,1152,00:04:22,2025/09/17 10:53:42,2025/09/17 10:58:05,src_participant_terminated,,,Ext.1152,0509030613,10001,0509030613,10001,extension,external_line,external_line,Aljowhara Alarrak,0509030613,0509030613
[2025-09-17 10:58:23.259730+00:00] Raw message on port 8000: Call 2025/09/17 10:57:14,6291,7644,00:01:03,2025/09/17 10:57:18,2025/09/17 10:58:22,src_participant_terminated,,,Ext.7644,6291,6291,Ext.6291,6291,extension,extension,extension,Uzair Ali Syed,Alarid Kitchen Smasco,Alarid Kitchen Smasco
[2025-09-17 10:58:24.829101+00:00] Raw message on port 8000: Call 2025/09/17 10:56:32,0599305007,8817,00:01:44,2025/09/17 10:56:39,2025/09/17 10:58:23,src_participant_terminated,,,Ext.8817,0599305007,10001,0599305007,10001,extension,external_line,external_line,Sarah Alarfaj,0599305007,0599305007
[2025-09-17 10:58:35.602221+00:00] Raw message on port 8000: Call 2025/09/17 10:56:38,0532313116,1221,00:00:44,2025/09/17 10:57:49,2025/09/17 10:58:34,dst_participant_terminated,,,Ext.1221,0532313116,10001,0532313116,10001,extension,external_line,external_line,Haya Alshammari,0532313116,0532313116
[2025-09-17 10:59:01.157652+00:00] Raw message on port 8000: Call 2025/09/17 10:58:48,0550084946,1329,,,2025/09/17 10:59:00,declined,,,Ext.1329,0550084946,10001,0550084946,,extension,external_line,outbound_rule,Majd Almutairi,0550084946,Mobile Call
[2025-09-17 10:59:38.919636+00:00] Raw message on port 8000: Call 2025/09/17 10:59:12,0500235856,1316,00:00:20,2025/09/17 10:59:17,2025/09/17 10:59:37,dst_participant_terminated,,,Ext.1316,0500235856,10001,0500235856,10001,extension,external_line,external_line,Ali Al Dhabyah,0500235856,0500235856
[2025-09-17 11:00:40.259276+00:00] Raw message on port 8000: Call 2025/09/17 10:59:45,0558206624,1339,00:00:36,2025/09/17 11:00:02,2025/09/17 11:00:39,src_participant_terminated,,,Ext.1339,0558206624,10001,0558206624,10001,extension,external_line,external_line,AlArid Female Reception,0558206624,0558206624
[2025-09-17 11:00:44.392124+00:00] Raw message on port 8000: Call 2025/09/17 10:51:56,0547540329,6241,00:08:39,2025/09/17 10:52:04,2025/09/17 11:00:43,src_participant_terminated,,,Ext.6241,0547540329,10001,0547540329,10001,extension,external_line,external_line,Tanwir Ali,0547540329,0547540329
[2025-09-17 11:01:18.775053+00:00] Raw message on port 8000: Call 2025/09/17 11:00:30,0546610318,1316,00:00:38,2025/09/17 11:00:39,2025/09/17 11:01:17,src_participant_terminated,,,Ext.1316,0546610318,10001,0546610318,10001,extension,external_line,external_line,Ali Al Dhabyah,0546610318,0546610318
[2025-09-17 11:01:25.865267+00:00] Raw message on port 8000: Call 2025/09/17 10:59:20,0535291889,1221,,,2025/09/17 11:01:24,no_route,,,Ext.1221,0535291889,10001,0535291889,,extension,external_line,outbound_rule,Haya Alshammari,0535291889,Mobile Call
[2025-09-17 11:01:41.987063+00:00] Raw message on port 8000: Call 2025/09/17 11:01:40,0558206624,1339,,,2025/09/17 11:01:41,declined,,,Ext.1339,0558206624,10001,0558206624,,extension,external_line,outbound_rule,AlArid Female Reception,0558206624,Mobile Call
[2025-09-17 11:02:44.738143+00:00] Raw message on port 8000: Call 2025/09/17 10:56:45,0557721230,1273,00:05:51,2025/09/17 10:56:51,2025/09/17 11:02:43,src_participant_terminated,,,Ext.1273,0557721230,10001,0557721230,10001,extension,external_line,external_line,Waad Almutairi,0557721230,0557721230
[2025-09-17 11:03:43.812738+00:00] Raw message on port 8000: Call 2025/09/17 11:03:09,7736,8477,00:00:24,2025/09/17 11:03:18,2025/09/17 11:03:42,dst_participant_terminated,,,Ext.8477,7736,7736,Ext.7736,7736,extension,extension,extension,Felmban Dana,AAR SUTIYAH BT SAMUN DURAHIM,AAR SUTIYAH BT SAMUN DURAHIM
[2025-09-17 11:04:34.649014+00:00] Raw message on port 8000: Call 2025/09/17 11:04:27,2247001,10001,00:00:06,2025/09/17 11:04:27,2025/09/17 11:04:33,src_participant_terminated,,,0554125724,8000,8000,Ext.8000,8000,provider,ivr,ivr,0554125724:Main Number,WelcomeMessage,WelcomeMessage
[2025-09-17 11:04:51.804301+00:00] Raw message on port 8000: Call 2025/09/17 11:03:06,0530759946,7174,00:01:32,2025/09/17 11:03:17,2025/09/17 11:04:50,src_participant_terminated,,,Ext.7174,0530759946,10001,0530759946,10001,extension,external_line,external_line,Munawwarah Muhammad,0530759946,0530759946
[2025-09-17 11:05:21.455768+00:00] Raw message on port 8000: Call 2025/09/17 11:04:33,0504665019,1043,00:00:31,2025/09/17 11:04:48,2025/09/17 11:05:20,dst_participant_terminated,,,Ext.1043,0504665019,10001,0504665019,10001,extension,external_line,external_line,Noura Altamimi,0504665019,0504665019
[2025-09-17 11:05:22.606532+00:00] Raw message on port 8000: Call 2025/09/17 11:01:38,0564258822,1221,00:03:33,2025/09/17 11:01:47,2025/09/17 11:05:21,src_participant_terminated,,,Ext.1221,0564258822,10001,0564258822,10001,extension,external_line,external_line,Haya Alshammari,0564258822,0564258822
[2025-09-17 11:05:37.440486+00:00] Raw message on port 8000: Call 2025/09/17 11:04:58,0546394649,1060,00:00:19,2025/09/17 11:05:16,2025/09/17 11:05:36,src_participant_terminated,,,Ext.1060,0546394649,10001,0546394649,10001,extension,external_line,external_line,Al Arid Male Receptionist1,0546394649,0546394649
[2025-09-17 11:05:45.571533+00:00] Raw message on port 8000: Call 2025/09/17 11:05:39,0538406917,1060,,,2025/09/17 11:05:44,src_participant_terminated,,,Ext.1060,0538406917,10001,0538406917,,extension,external_line,outbound_rule,Al Arid Male Receptionist1,0538406917,Mobile Call
[2025-09-17 11:06:42.745397+00:00] Raw message on port 8000: Call 2025/09/17 11:06:07,0539002731,1334,00:00:25,2025/09/17 11:06:16,2025/09/17 11:06:41,src_participant_terminated,,,Ext.1334,0539002731,10001,0539002731,10001,extension,external_line,external_line,MD SAHIL ALAM,0539002731,0539002731
[2025-09-17 11:06:48.177548+00:00] Raw message on port 8000: Call 2025/09/17 11:05:47,0558525464,1060,00:00:18,2025/09/17 11:06:29,2025/09/17 11:06:47,src_participant_terminated,,,Ext.1060,0558525464,10001,0558525464,10001,extension,external_line,external_line,Al Arid Male Receptionist1,0558525464,0558525464
[2025-09-17 11:07:09.107461+00:00] Raw message on port 8000: Call 2025/09/17 11:07:00,0560081923,7174,,,2025/09/17 11:07:08,src_participant_terminated,,,Ext.7174,0560081923,10001,0560081923,,extension,external_line,outbound_rule,Munawwarah Muhammad,0560081923,Mobile Call 2
[2025-09-17 11:07:31.438407+00:00] Raw message on port 8000: Call 2025/09/17 11:06:54,0559562496,1060,00:00:21,2025/09/17 11:07:09,2025/09/17 11:07:30,src_participant_terminated,,,Ext.1060,0559562496,10001,0559562496,10001,extension,external_line,external_line,Al Arid Male Receptionist1,0559562496,0559562496
[2025-09-17 11:07:54.738227+00:00] Raw message on port 8000: Call 2025/09/17 11:07:23,0560081923,7174,,,2025/09/17 11:07:53,src_participant_terminated,,,Ext.7174,0560081923,10001,0560081923,,extension,external_line,outbound_rule,Munawwarah Muhammad,0560081923,Mobile Call 2
[2025-09-17 11:08:05.417883+00:00] Raw message on port 8000: Call 2025/09/17 11:08:01,0538406917,1060,,,2025/09/17 11:08:04,src_participant_terminated,,,Ext.1060,0538406917,10001,0538406917,,extension,external_line,outbound_rule,Al Arid Male Receptionist1,0538406917,Mobile Call
WARNING 2025-09-17 14:08:45,215 log 784 126643320385664 Not Found: /.git/config
[2025-09-17 11:08:56.163285+00:00] Raw message on port 8000: Call 2025/09/17 11:03:55,0505202197,1152,00:04:47,2025/09/17 11:04:07,2025/09/17 11:08:55,src_participant_terminated,,,Ext.1152,0505202197,10001,0505202197,10001,extension,external_line,external_line,Aljowhara Alarrak,0505202197,0505202197
[2025-09-17 11:09:03.669335+00:00] Raw message on port 8000: Call 2025/09/17 11:06:58,0552826858,1339,,,2025/09/17 11:09:02,no_route,,,Ext.1339,0552826858,10001,0552826858,,extension,external_line,outbound_rule,AlArid Female Reception,0552826858,Mobile Call
[2025-09-17 11:09:09.882103+00:00] Raw message on port 8000: Call 2025/09/17 11:08:18,0578430450,7174,,,2025/09/17 11:09:09,src_participant_terminated,,,Ext.7174,0578430450,10001,0578430450,,extension,external_line,outbound_rule,Munawwarah Muhammad,0578430450,Mobile Call 2
[2025-09-17 11:09:15.904766+00:00] Raw message on port 8000: Call 2025/09/17 11:08:38,0530352723,1060,00:00:21,2025/09/17 11:08:53,2025/09/17 11:09:14,dst_participant_terminated,,,Ext.1060,0530352723,10001,0530352723,10001,extension,external_line,external_line,Al Arid Male Receptionist1,0530352723,0530352723
[2025-09-17 11:09:32.082076+00:00] Raw message on port 8000: Call 2025/09/17 11:09:26,2247001,10001,00:00:04,2025/09/17 11:09:26,2025/09/17 11:09:31,src_participant_terminated,,,0509259124,8000,8000,Ext.8000,8000,provider,ivr,ivr,0509259124:Main Number,WelcomeMessage,WelcomeMessage
[2025-09-17 11:09:48.003071+00:00] Raw message on port 8000: Call 2025/09/17 11:09:21,0504342852,7174,,,2025/09/17 11:09:47,src_participant_terminated,,,Ext.7174,0504342852,10001,0504342852,,extension,external_line,outbound_rule,Munawwarah Muhammad,0504342852,Mobile Call 2
[2025-09-17 11:09:52.617632+00:00] Raw message on port 8000: Call 2025/09/17 11:08:58,0537406006,7182,,,2025/09/17 11:09:51,src_participant_terminated,,,Ext.7182,0537406006,10001,0537406006,,extension,external_line,outbound_rule,Saeed Alzahrani,0537406006,Mobile Call
[2025-09-17 11:10:09.379075+00:00] Raw message on port 8000: Call 2025/09/17 11:09:49,0550821891,7174,,,2025/09/17 11:10:08,src_participant_terminated,,,Ext.7174,0550821891,10001,0550821891,,extension,external_line,outbound_rule,Munawwarah Muhammad,0550821891,Mobile Call 2
[2025-09-17 11:10:40.358075+00:00] Raw message on port 8000: Call 2025/09/17 11:10:38,7195,7174,00:00:00,2025/09/17 11:10:38,2025/09/17 11:10:39,src_participant_terminated,,,Ext.7174,7195,7195,Ext.6666,7195,extension,voicemail,voicemail,Munawwarah Muhammad,Abdulaziz Alenzi,Abdulaziz Alenzi
[2025-09-17 11:10:48.478165+00:00] Raw message on port 8000: Call 2025/09/17 11:10:44,0551687045,7174,,,2025/09/17 11:10:47,src_participant_terminated,,,Ext.7174,0551687045,10001,0551687045,,extension,external_line,outbound_rule,Munawwarah Muhammad,0551687045,Mobile Call 2
[2025-09-17 11:10:59.725609+00:00] Raw message on port 8000: Call 2025/09/17 11:06:50,0502352384,1273,00:03:56,2025/09/17 11:07:01,2025/09/17 11:10:58,dst_participant_terminated,,,Ext.1273,0502352384,10001,0502352384,10001,extension,external_line,external_line,Waad Almutairi,0502352384,0502352384
[2025-09-17 11:11:02.667622+00:00] Raw message on port 8000: Call 2025/09/17 11:10:13,0500337227,1316,,,2025/09/17 11:11:01,src_participant_terminated,,,Ext.1316,0500337227,10001,0500337227,,extension,external_line,outbound_rule,Ali Al Dhabyah,0500337227,Mobile Call
[2025-09-17 11:12:05.885884+00:00] Raw message on port 8000: Call 2025/09/17 11:11:18,0558206624,1339,00:00:24,2025/09/17 11:11:39,2025/09/17 11:12:04,src_participant_terminated,,,Ext.1339,0558206624,10001,0558206624,10001,extension,external_line,external_line,AlArid Female Reception,0558206624,0558206624
[2025-09-17 11:12:20.030752+00:00] Raw message on port 8000: Call 2025/09/17 11:10:53,0550821891,7174,00:01:09,2025/09/17 11:11:09,2025/09/17 11:12:18,src_participant_terminated,,,Ext.7174,0550821891,10001,0550821891,10001,extension,external_line,external_line,Munawwarah Muhammad,0550821891,0550821891
[2025-09-17 11:12:55.889792+00:00] Raw message on port 8000: Call 2025/09/17 11:02:14,0559174020,1329,00:10:04,2025/09/17 11:02:50,2025/09/17 11:12:54,src_participant_terminated,,,Ext.1329,0559174020,10001,0559174020,10001,extension,external_line,external_line,Majd Almutairi,0559174020,0559174020
[2025-09-17 11:13:05.220776+00:00] Raw message on port 8000: Call 2025/09/17 11:12:33,0508547685,8451,00:00:17,2025/09/17 11:12:46,2025/09/17 11:13:04,src_participant_terminated,,,Ext.8451,0508547685,10001,0508547685,10001,extension,external_line,external_line,Jamil Agbay,0508547685,0508547685
[2025-09-17 11:13:08.269529+00:00] Raw message on port 8000: Call 2025/09/17 11:12:17,0552826858,1339,,,2025/09/17 11:13:07,src_participant_terminated,,,Ext.1339,0552826858,10001,0552826858,,extension,external_line,outbound_rule,AlArid Female Reception,0552826858,Mobile Call
[2025-09-17 11:13:42.700418+00:00] Raw message on port 8000: Call 2025/09/17 11:11:37,0504401188,7844,,,2025/09/17 11:13:41,no_route,,,Ext.7844,0504401188,10001,0504401188,,extension,external_line,outbound_rule,Mohammed Zahrani,0504401188,Mobile Call
[2025-09-17 11:14:30.520615+00:00] Raw message on port 8000: Call 2025/09/17 11:13:46,2247001,10001,00:00:43,2025/09/17 11:13:46,2025/09/17 11:14:29,dst_participant_terminated,ReplacedDst,,544646830,8000,8000,Ext.8001,8001,provider,ivr,ivr,544646830:Main Number,WelcomeMessage,ArabicDailExt
[2025-09-17 11:15:25.032771+00:00] Raw message on port 8000: Call 2025/09/17 11:13:46,0551687045,7174,00:01:30,2025/09/17 11:13:53,2025/09/17 11:15:24,src_participant_terminated,,,Ext.7174,0551687045,10001,0551687045,10001,extension,external_line,external_line,Munawwarah Muhammad,0551687045,0551687045
[2025-09-17 11:16:25.880265+00:00] Raw message on port 8000: Call 2025/09/17 11:16:23,2247001,10001,00:00:01,2025/09/17 11:16:23,2025/09/17 11:16:25,src_participant_terminated,,,0556086669,8000,8000,Ext.8000,8000,provider,ivr,ivr,0556086669:Main Number,WelcomeMessage,WelcomeMessage
[2025-09-17 11:16:59.032608+00:00] Raw message on port 8000: Call 2025/09/17 11:16:33,7732,1193,00:00:03,2025/09/17 11:16:54,2025/09/17 11:16:58,dst_participant_terminated,,,Ext.1193,7732,7732,Ext.6666,7732,extension,voicemail,voicemail,Khaled Al Amoudi,Annet Nakazibwe,Annet Nakazibwe
[2025-09-17 11:17:18.407800+00:00] Raw message on port 8000: Call 2025/09/17 11:16:48,0565770131,1035,00:00:06,2025/09/17 11:17:11,2025/09/17 11:17:17,src_participant_terminated,,,Ext.1035,0565770131,10001,0565770131,10001,extension,external_line,external_line,Lana Ahmed Alhamid,0565770131,0565770131
[2025-09-17 11:18:18.087916+00:00] Raw message on port 8000: Call 2025/09/17 11:14:02,0552518822,7795,00:04:01,2025/09/17 11:14:15,2025/09/17 11:18:17,src_participant_terminated,,,Ext.7795,0552518822,10001,0552518822,10001,extension,external_line,external_line,Ahmed Aledwani,0552518822,0552518822
[2025-09-17 11:18:30.076552+00:00] Raw message on port 8000: Call 2025/09/17 11:17:55,2247001,10001,00:00:33,2025/09/17 11:17:55,2025/09/17 11:18:29,dst_participant_terminated,ReplacedDst,,0504676938,8000,8000,Ext.8001,8001,provider,ivr,ivr,0504676938:Main Number,WelcomeMessage,ArabicDailExt
[2025-09-17 11:18:39.287561+00:00] Raw message on port 8000: Call 2025/09/17 11:18:15,2247001,10001,00:00:23,2025/09/17 11:18:15,2025/09/17 11:18:38,src_participant_terminated,,,0538622974,8000,8000,Ext.8000,8000,provider,ivr,ivr,0538622974:Main Number,WelcomeMessage,WelcomeMessage
[2025-09-17 11:18:40.440500+00:00] Raw message on port 8000: Call 2025/09/17 11:17:57,2247001,10001,00:00:42,2025/09/17 11:17:57,2025/09/17 11:18:39,dst_participant_terminated,ReplacedDst,,0553345502,8000,8000,Ext.8001,8001,provider,ivr,ivr,0553345502:Main Number,WelcomeMessage,ArabicDailExt
[2025-09-17 11:18:51.024645+00:00] Raw message on port 8000: Call 2025/09/17 11:18:25,7438,1193,00:00:03,2025/09/17 11:18:46,2025/09/17 11:18:50,dst_participant_terminated,,,Ext.1193,7438,7438,Ext.6666,7438,extension,voicemail,voicemail,Khaled Al Amoudi,Milly Rebecca,Milly Rebecca
[2025-09-17 11:19:16.436904+00:00] Raw message on port 8000: Call 2025/09/17 11:18:46,2247001,10001,00:00:28,2025/09/17 11:18:46,2025/09/17 11:19:15,src_participant_terminated,,,0538622974,8000,8000,Ext.8000,8000,provider,ivr,ivr,0538622974:Main Number,WelcomeMessage,WelcomeMessage
[2025-09-17 11:19:44.243847+00:00] Raw message on port 8000: Call 2025/09/17 11:18:39,0567041996,1060,00:00:42,2025/09/17 11:19:00,2025/09/17 11:19:43,dst_participant_terminated,,,Ext.1060,0567041996,10001,0567041996,10001,extension,external_line,external_line,Al Arid Male Receptionist1,0567041996,0567041996
[2025-09-17 11:20:02.071537+00:00] Raw message on port 8000: Call 2025/09/17 11:17:27,0565770131,1035,00:02:25,2025/09/17 11:17:35,2025/09/17 11:20:01,src_participant_terminated,,,Ext.1035,0565770131,10001,0565770131,10001,extension,external_line,external_line,Lana Ahmed Alhamid,0565770131,0565770131
[2025-09-17 11:20:06.125363+00:00] Raw message on port 8000: Call 2025/09/17 11:18:06,0538531252,1339,,,2025/09/17 11:20:05,no_route,,,Ext.1339,0538531252,10001,0538531252,,extension,external_line,outbound_rule,AlArid Female Reception,0538531252,Mobile Call
[2025-09-17 11:20:13.160251+00:00] Raw message on port 8000: Call 2025/09/17 11:20:10,+639708023248,7472,,,2025/09/17 11:20:10,no_route,,,Ext.7472,+639708023248,EndCall,+639708023248,EndCall,extension,endcall,endcall,Raihanie Ali,EndCall,EndCall
[2025-09-17 11:20:15.757681+00:00] Raw message on port 8000: Call 2025/09/17 11:19:50,7820,1197,00:00:03,2025/09/17 11:20:11,2025/09/17 11:20:14,dst_participant_terminated,,,Ext.1197,7820,7820,Ext.6666,7820,extension,voicemail,voicemail,Fuad Mohammed Alshehri,Saud Alanazi,Saud Alanazi
[2025-09-17 11:20:20.261665+00:00] Raw message on port 8000: Call 2025/09/17 11:20:18,7820,1197,,,2025/09/17 11:20:19,src_participant_terminated,,,Ext.1197,7820,7820,Ext.7820,7820,extension,extension,extension,Fuad Mohammed Alshehri,Saud Alanazi,Saud Alanazi
[2025-09-17 11:20:21.385722+00:00] Raw message on port 8000: Call 2025/09/17 11:19:56,1337,1062,00:00:03,2025/09/17 11:20:17,2025/09/17 11:20:20,dst_participant_terminated,,,Ext.1062,1337,1337,Ext.6666,1337,extension,voicemail,voicemail,John Cyrus Enfestan Hopio,MUZAMMIL SIDDIQUI,MUZAMMIL SIDDIQUI
[2025-09-17 11:20:39.944366+00:00] Raw message on port 8000: Call 2025/09/17 11:19:50,0561576998,1060,00:00:16,2025/09/17 11:20:22,2025/09/17 11:20:38,src_participant_terminated,,,Ext.1060,0561576998,10001,0561576998,10001,extension,external_line,external_line,Al Arid Male Receptionist1,0561576998,0561576998
[2025-09-17 11:20:53.683526+00:00] Raw message on port 8000: Call 2025/09/17 11:19:40,6136,7185,00:00:46,2025/09/17 11:20:06,2025/09/17 11:20:52,dst_participant_terminated,,,Ext.7185,6136,6136,Ext.6136,6136,extension,extension,extension,Saleh Alshehri,AbdulLatif Bawezeer,AbdulLatif Bawezeer
[2025-09-17 11:20:54.874786+00:00] Raw message on port 8000: Call 2025/09/17 11:16:08,0599360748,1329,00:04:18,2025/09/17 11:16:35,2025/09/17 11:20:53,src_participant_terminated,,,Ext.1329,0599360748,10001,0599360748,10001,extension,external_line,external_line,Majd Almutairi,0599360748,0599360748
[2025-09-17 11:20:56.043001+00:00] Raw message on port 8000: Call 2025/09/17 11:20:07,0559626985,7418,00:00:31,2025/09/17 11:20:23,2025/09/17 11:20:55,src_participant_terminated,,,Ext.7418,0559626985,10001,0559626985,10001,extension,external_line,external_line,Mirasol Augusto,0559626985,0559626985
[2025-09-17 11:21:07.925485+00:00] Raw message on port 8000: Call 2025/09/17 11:21:03,1062,1337,00:00:03,2025/09/17 11:21:03,2025/09/17 11:21:07,dst_participant_terminated,,,Ext.1337,1062,1062,Ext.6666,1062,extension,voicemail,voicemail,MUZAMMIL SIDDIQUI,John Cyrus Enfestan Hopio,John Cyrus Enfestan Hopio
[2025-09-17 11:21:23.811042+00:00] Raw message on port 8000: Call 2025/09/17 11:19:36,1193,7732,00:01:41,2025/09/17 11:19:41,2025/09/17 11:21:22,dst_participant_terminated,,,Ext.7732,1193,1193,Ext.1193,1193,extension,extension,extension,Annet Nakazibwe,Khaled Al Amoudi,Khaled Al Amoudi
[2025-09-17 11:21:31.551227+00:00] Raw message on port 8000: Call 2025/09/17 11:21:10,0538025578,7795,00:00:14,2025/09/17 11:21:15,2025/09/17 11:21:30,src_participant_terminated,,,Ext.7795,0538025578,10001,0538025578,10001,extension,external_line,external_line,Ahmed Aledwani,0538025578,0538025578
[2025-09-17 11:21:32.626216+00:00] Raw message on port 8000: Call 2025/09/17 11:21:02,1337,1062,00:00:22,2025/09/17 11:21:09,2025/09/17 11:21:31,src_participant_terminated,,,Ext.1062,1337,1337,Ext.1337,1337,extension,extension,extension,John Cyrus Enfestan Hopio,MUZAMMIL SIDDIQUI,MUZAMMIL SIDDIQUI
[2025-09-17 11:21:53.124664+00:00] Raw message on port 8000: Call 2025/09/17 11:21:23,2247001,10001,00:00:28,2025/09/17 11:21:23,2025/09/17 11:21:52,src_participant_terminated,,,0538622974,8000,8000,Ext.8000,8000,provider,ivr,ivr,0538622974:Main Number,WelcomeMessage,WelcomeMessage
[2025-09-17 11:22:11.251087+00:00] Raw message on port 8000: Call 2025/09/17 11:21:20,0557883481,7844,,,2025/09/17 11:22:10,src_participant_terminated,,,Ext.7844,0557883481,10001,0557883481,,extension,external_line,outbound_rule,Mohammed Zahrani,0557883481,Mobile Call
[2025-09-17 11:22:27.534747+00:00] Raw message on port 8000: Call 2025/09/17 11:20:33,0503457662,7464,00:01:47,2025/09/17 11:20:39,2025/09/17 11:22:26,src_participant_terminated,,,Ext.7464,0503457662,10001,0503457662,10001,extension,external_line,external_line,Mohammed Alasmari,0503457662,0503457662
[2025-09-17 11:22:39.053610+00:00] Raw message on port 8000: Call 2025/09/17 11:22:23,2247001,10001,00:00:14,2025/09/17 11:22:23,2025/09/17 11:22:38,src_participant_terminated,,,0538025578,8000,8000,Ext.8000,8000,provider,ivr,ivr,0538025578:Main Number,WelcomeMessage,WelcomeMessage
[2025-09-17 11:22:51.006735+00:00] Raw message on port 8000: Call 2025/09/17 11:22:37,7426,1193,00:00:03,2025/09/17 11:22:46,2025/09/17 11:22:50,dst_participant_terminated,,,Ext.1193,7426,7426,Ext.6666,7426,extension,voicemail,voicemail,Khaled Al Amoudi,Meshal Alotaibi,Meshal Alotaibi
[2025-09-17 11:23:01.975916+00:00] Raw message on port 8000: Call 2025/09/17 11:22:12,0505302443,1035,00:00:30,2025/09/17 11:22:30,2025/09/17 11:23:00,dst_participant_terminated,,,Ext.1035,0505302443,10001,0505302443,10001,extension,external_line,external_line,Lana Ahmed Alhamid,0505302443,0505302443
[2025-09-17 11:23:15.029410+00:00] Raw message on port 8000: Call 2025/09/17 11:23:10,1244,6126,00:00:03,2025/09/17 11:23:10,2025/09/17 11:23:14,dst_participant_terminated,,,Ext.6126,1244,1244,Ext.6666,1244,extension,voicemail,voicemail,Haitham Zaied,Abdullah Alshorbaji,Abdullah Alshorbaji
[2025-09-17 11:23:31.113026+00:00] Raw message on port 8000: Call 2025/09/17 11:23:26,1244,6126,00:00:03,2025/09/17 11:23:26,2025/09/17 11:23:30,dst_participant_terminated,,,Ext.6126,1244,1244,Ext.6666,1244,extension,voicemail,voicemail,Haitham Zaied,Abdullah Alshorbaji,Abdullah Alshorbaji
[2025-09-17 11:23:34.818547+00:00] Raw message on port 8000: Call 2025/09/17 11:22:12,1009,6440,00:01:17,2025/09/17 11:22:15,2025/09/17 11:23:33,src_participant_terminated,,,Ext.6440,1009,1009,Ext.1009,1009,extension,extension,extension,Hassan Binsiraj,ABDULHASEEB MOHAMMED,ABDULHASEEB MOHAMMED
[2025-09-17 11:23:42.956574+00:00] Raw message on port 8000: Call 2025/09/17 11:23:38,1244,6126,00:00:03,2025/09/17 11:23:38,2025/09/17 11:23:42,dst_participant_terminated,,,Ext.6126,1244,1244,Ext.6666,1244,extension,voicemail,voicemail,Haitham Zaied,Abdullah Alshorbaji,Abdullah Alshorbaji
[2025-09-17 11:24:09.279796+00:00] Raw message on port 8000: Call 2025/09/17 11:22:59,0530000239,7844,00:01:03,2025/09/17 11:23:04,2025/09/17 11:24:08,src_participant_terminated,,,Ext.7844,0530000239,10001,0530000239,10001,extension,external_line,external_line,Mohammed Zahrani,0530000239,0530000239
[2025-09-17 11:24:33.820030+00:00] Raw message on port 8000: Call 2025/09/17 11:23:14,2247001,10001,00:01:17,2025/09/17 11:23:15,2025/09/17 11:24:32,dst_participant_terminated,,,0509259124,8000,8000,Ext.8000,8000,provider,ivr,ivr,0509259124:Main Number,WelcomeMessage,WelcomeMessage
[2025-09-17 11:25:10.408894+00:00] Raw message on port 8000: Call 2025/09/17 11:23:51,2247001,10001,00:01:17,2025/09/17 11:23:51,2025/09/17 11:25:09,dst_participant_terminated,,,0509259124,8000,8000,Ext.8000,8000,provider,ivr,ivr,0509259124:Main Number,WelcomeMessage,WelcomeMessage
[2025-09-17 11:25:25.490526+00:00] Raw message on port 8000: Call 2025/09/17 11:24:47,2247001,10001,00:00:37,2025/09/17 11:24:47,2025/09/17 11:25:24,dst_participant_terminated,ReplacedDst,,0531578293,8000,8000,Ext.8001,8001,provider,ivr,ivr,0531578293:Main Number,WelcomeMessage,ArabicDailExt
[2025-09-17 11:25:44.257819+00:00] Raw message on port 8000: Call 2025/09/17 11:25:05,6295,7117,00:00:30,2025/09/17 11:25:12,2025/09/17 11:25:43,dst_participant_terminated,,,Ext.7117,6295,6295,Ext.6295,6295,extension,extension,extension,Riyaz Ahmed Mohammed,Alarid Kitchen,Alarid Kitchen
[2025-09-17 11:26:02.535885+00:00] Raw message on port 8000: Call 2025/09/17 11:25:13,2247001,10001,00:00:48,2025/09/17 11:25:13,2025/09/17 11:26:01,src_participant_terminated,,,0535983128,8000,8000,Ext.8000,8000,provider,ivr,ivr,0535983128:Main Number,WelcomeMessage,WelcomeMessage
[2025-09-17 11:26:04.691644+00:00] Raw message on port 8000: Call 2025/09/17 11:25:05,0501113084,7843,00:00:29,2025/09/17 11:25:33,2025/09/17 11:26:03,dst_participant_terminated,,,Ext.7843,0501113084,10001,0501113084,10001,extension,external_line,external_line,Abdulrahman Malki,0501113084,0501113084
[2025-09-17 11:26:11.198117+00:00] Raw message on port 8000: Call 2025/09/17 11:24:37,0539345888,7852,00:01:14,2025/09/17 11:24:56,2025/09/17 11:26:10,dst_participant_terminated,,,Ext.7852,0539345888,10001,0539345888,10001,extension,external_line,external_line,Mohsin Almohiany,0539345888,0539345888
WARNING 2025-09-17 14:26:12,100 log 784 126643320385664 Not Found: /sdk
WARNING 2025-09-17 14:26:12,357 log 784 126643320385664 Not Found: /evox/about
WARNING 2025-09-17 14:26:13,033 log 784 126643320385664 Not Found: /cgi-bin/authLogin.cgi
WARNING 2025-09-17 14:26:13,232 log 784 126643320385664 Not Found: /solr/admin/cores
[2025-09-17 11:26:15.976678+00:00] Raw message on port 8000: Call 2025/09/17 11:25:30,2247001,10001,00:00:44,2025/09/17 11:25:30,2025/09/17 11:26:15,dst_participant_terminated,ReplacedDst,,0531578293,8000,8000,Ext.8001,8001,provider,ivr,ivr,0531578293:Main Number,WelcomeMessage,ArabicDailExt
[2025-09-17 11:26:21.935724+00:00] Raw message on port 8000: Call 2025/09/17 11:26:12,2247001,10001,00:00:08,2025/09/17 11:26:12,2025/09/17 11:26:21,src_participant_terminated,,,0535983128,8000,8000,Ext.8000,8000,provider,ivr,ivr,0535983128:Main Number,WelcomeMessage,WelcomeMessage
[2025-09-17 11:26:25.852036+00:00] Raw message on port 8000: Call 2025/09/17 11:25:47,0554454438,7177,00:00:31,2025/09/17 11:25:53,2025/09/17 11:26:24,dst_participant_terminated,,,Ext.7177,0554454438,10001,0554454438,10001,extension,external_line,external_line,Khadija Alharthi,0554454438,0554454438
[2025-09-17 11:26:31.777914+00:00] Raw message on port 8000: Call 2025/09/17 11:21:58,0564423732,1329,00:04:09,2025/09/17 11:22:21,2025/09/17 11:26:30,src_participant_terminated,,,Ext.1329,0564423732,10001,0564423732,10001,extension,external_line,external_line,Majd Almutairi,0564423732,0564423732
WARNING 2025-09-17 14:26:34,306 log 784 126643320385664 Not Found: /.git/config
[2025-09-17 11:27:00.154059+00:00] Raw message on port 8000: Call 2025/09/17 11:26:27,2247001,10001,00:00:31,2025/09/17 11:26:27,2025/09/17 11:26:59,src_participant_terminated,,,0559042751,8000,8000,Ext.8000,8000,provider,ivr,ivr,0559042751:Main Number,WelcomeMessage,WelcomeMessage
[2025-09-17 11:27:15.126501+00:00] Raw message on port 8000: Call 2025/09/17 11:26:34,2247001,10001,00:00:39,2025/09/17 11:26:35,2025/09/17 11:27:14,src_participant_terminated,,,0535983128,8000,8000,Ext.8000,8000,provider,ivr,ivr,0535983128:Main Number,WelcomeMessage,WelcomeMessage
INFO 2025-09-17 14:27:47,498 views 784 126643320385664 Call stats result: [{'period': datetime.datetime(2025, 8, 1, 0, 0, tzinfo=zoneinfo.ZoneInfo(key='Asia/Riyadh')), 'total_calls': 21285, 'local_calls': 2766, 'international_calls': 273}, {'period': datetime.datetime(2025, 9, 1, 0, 0, tzinfo=zoneinfo.ZoneInfo(key='Asia/Riyadh')), 'total_calls': 27573, 'local_calls': 3468, 'international_calls': 254}]
INFO 2025-09-17 14:28:00,645 views 784 126643320385664 Call stats result: [{'period': datetime.datetime(2025, 8, 1, 0, 0, tzinfo=zoneinfo.ZoneInfo(key='Asia/Riyadh')), 'total_calls': 21285, 'local_calls': 2766, 'international_calls': 273}, {'period': datetime.datetime(2025, 9, 1, 0, 0, tzinfo=zoneinfo.ZoneInfo(key='Asia/Riyadh')), 'total_calls': 27573, 'local_calls': 3468, 'international_calls': 254}]
[2025-09-17 11:28:02.224527+00:00] Raw message on port 8000: Call 2025/09/17 11:27:24,2247001,10001,00:00:37,2025/09/17 11:27:24,2025/09/17 11:28:01,dst_participant_terminated,ReplacedDst,,0535983128,8000,8000,Ext.8001,8001,provider,ivr,ivr,0535983128:Main Number,WelcomeMessage,ArabicDailExt
[2025-09-17 11:28:14.117653+00:00] Raw message on port 8000: Call 2025/09/17 11:27:44,0508245892,7843,00:00:22,2025/09/17 11:27:50,2025/09/17 11:28:13,dst_participant_terminated,,,Ext.7843,0508245892,10001,0508245892,10001,extension,external_line,external_line,Abdulrahman Malki,0508245892,0508245892
INFO 2025-09-17 14:28:20,661 views 784 126643320385664 Call stats result: [{'period': datetime.datetime(2025, 8, 1, 0, 0, tzinfo=zoneinfo.ZoneInfo(key='Asia/Riyadh')), 'total_calls': 21285, 'local_calls': 2766, 'international_calls': 273}, {'period': datetime.datetime(2025, 9, 1, 0, 0, tzinfo=zoneinfo.ZoneInfo(key='Asia/Riyadh')), 'total_calls': 27575, 'local_calls': 3468, 'international_calls': 254}]
[2025-09-17 11:28:31.281056+00:00] Raw message on port 8000: Call 2025/09/17 11:27:23,0537164197,6241,00:00:54,2025/09/17 11:27:36,2025/09/17 11:28:30,src_participant_terminated,,,Ext.6241,0537164197,10001,0537164197,10001,extension,external_line,external_line,Tanwir Ali,0537164197,0537164197
[2025-09-17 11:28:32.497747+00:00] Raw message on port 8000: Call 2025/09/17 11:28:07,0545701573,7464,,,2025/09/17 11:28:31,src_participant_terminated,,,Ext.7464,0545701573,10001,0545701573,,extension,external_line,outbound_rule,Mohammed Alasmari,0545701573,Mobile Call
[2025-09-17 11:29:03.800978+00:00] Raw message on port 8000: Call 2025/09/17 11:28:13,2247001,10001,00:00:49,2025/09/17 11:28:13,2025/09/17 11:29:02,dst_participant_terminated,ReplacedDst,,0556086669,8000,8000,Ext.6666,7842,provider,ivr,voicemail,0556086669:Main Number,WelcomeMessage,Ahmed Ahmed
[2025-09-17 11:29:23.699923+00:00] Raw message on port 8000: Call 2025/09/17 11:29:18,0568208809,7843,,,2025/09/17 11:29:22,declined,,,Ext.7843,0568208809,10001,0568208809,,extension,external_line,outbound_rule,Abdulrahman Malki,0568208809,Mobile Call 2
[2025-09-17 11:29:29.606362+00:00] Raw message on port 8000: Call 2025/09/17 11:28:50,2247001,10001,00:00:37,2025/09/17 11:28:50,2025/09/17 11:29:28,src_participant_terminated,,,0535983128,8000,8000,Ext.8000,8000,provider,ivr,ivr,0535983128:Main Number,WelcomeMessage,WelcomeMessage
[2025-09-17 11:29:32.344539+00:00] Raw message on port 8000: Call 2025/09/17 11:29:07,1197,7820,00:00:03,2025/09/17 11:29:28,2025/09/17 11:29:31,dst_participant_terminated,,,Ext.7820,1197,1197,Ext.6666,1197,extension,voicemail,voicemail,Saud Alanazi,Fuad Mohammed Alshehri,Fuad Mohammed Alshehri
[2025-09-17 11:29:58.288561+00:00] Raw message on port 8000: Call 2025/09/17 11:28:06,0554541474,1273,00:01:46,2025/09/17 11:28:10,2025/09/17 11:29:57,dst_participant_terminated,,,Ext.1273,0554541474,10001,0554541474,10001,extension,external_line,external_line,Waad Almutairi,0554541474,0554541474
[2025-09-17 11:30:05.887047+00:00] Raw message on port 8000: Call 2025/09/17 11:30:03,2247001,10001,00:00:01,2025/09/17 11:30:03,2025/09/17 11:30:05,src_participant_terminated,,,0535983128,8000,8000,Ext.8000,8000,provider,ivr,ivr,0535983128:Main Number,WelcomeMessage,WelcomeMessage
[2025-09-17 11:30:46.026638+00:00] Raw message on port 8000: Call 2025/09/17 11:27:14,0561868532,7844,00:03:20,2025/09/17 11:27:24,2025/09/17 11:30:45,src_participant_terminated,,,Ext.7844,0561868532,10001,0561868532,10001,extension,external_line,external_line,Mohammed Zahrani,0561868532,0561868532
[2025-09-17 11:30:55.775239+00:00] Raw message on port 8000: Call 2025/09/17 11:30:16,2247001,10001,00:00:38,2025/09/17 11:30:16,2025/09/17 11:30:54,dst_participant_terminated,ReplacedDst,,0535983128,8000,8000,Ext.8001,8001,provider,ivr,ivr,0535983128:Main Number,WelcomeMessage,ArabicDailExt
[2025-09-17 11:31:15.180463+00:00] Raw message on port 8000: Call 2025/09/17 11:29:39,0558578246,1043,00:01:22,2025/09/17 11:29:51,2025/09/17 11:31:14,dst_participant_terminated,,,Ext.1043,0558578246,10001,0558578246,10001,extension,external_line,external_line,Noura Altamimi,0558578246,0558578246
[2025-09-17 11:31:29.784023+00:00] Raw message on port 8000: Call 2025/09/17 11:31:04,0555070621,7464,,,2025/09/17 11:31:28,src_participant_terminated,,,Ext.7464,0555070621,10001,0555070621,,extension,external_line,outbound_rule,Mohammed Alasmari,0555070621,Mobile Call
WARNING 2025-09-17 14:32:35,691 log 784 126643320385664 Not Found: /.env
INFO 2025-09-17 14:32:47,597 views 784 126643320385664 Call stats result: [{'period': datetime.datetime(2025, 8, 1, 0, 0, tzinfo=zoneinfo.ZoneInfo(key='Asia/Riyadh')), 'total_calls': 21280, 'local_calls': 2766, 'international_calls': 273}, {'period': datetime.datetime(2025, 9, 1, 0, 0, tzinfo=zoneinfo.ZoneInfo(key='Asia/Riyadh')), 'total_calls': 27587, 'local_calls': 3469, 'international_calls': 254}]
[2025-09-17 11:33:10.619521+00:00] Raw message on port 8000: Call 2025/09/17 11:29:27,0568208809,7843,00:03:34,2025/09/17 11:29:35,2025/09/17 11:33:09,dst_participant_terminated,,,Ext.7843,0568208809,10001,0568208809,10001,extension,external_line,external_line,Abdulrahman Malki,0568208809,0568208809
[2025-09-17 11:33:12.912023+00:00] Raw message on port 8000: Call 2025/09/17 11:33:02,2247001,10001,00:00:09,2025/09/17 11:33:02,2025/09/17 11:33:12,src_participant_terminated,,,561576998,8000,8000,Ext.8000,8000,provider,ivr,ivr,561576998:Main Number,WelcomeMessage,WelcomeMessage
[2025-09-17 11:33:26.119688+00:00] Raw message on port 8000: Call 2025/09/17 11:33:15,0537941378,7472,,,2025/09/17 11:33:25,src_participant_terminated,,,Ext.7472,0537941378,10001,0537941378,,extension,external_line,outbound_rule,Raihanie Ali,0537941378,Mobile Call
[2025-09-17 11:33:56.960677+00:00] Raw message on port 8000: Call 2025/09/17 11:33:52,2247001,10001,00:00:03,2025/09/17 11:33:52,2025/09/17 11:33:56,src_participant_terminated,,,561576998,8000,8000,Ext.8000,8000,provider,ivr,ivr,561576998:Main Number,WelcomeMessage,WelcomeMessage
[2025-09-17 11:34:19.595392+00:00] Raw message on port 8000: Call 2025/09/17 11:32:35,0572614705,8451,,,2025/09/17 11:34:18,no_route,,,Ext.8451,0572614705,10001,0572614705,,extension,external_line,outbound_rule,Jamil Agbay,0572614705,Mobile Call 4
[2025-09-17 11:34:33.971648+00:00] Raw message on port 8000: Call 2025/09/17 11:33:41,0577612985,1062,00:00:27,2025/09/17 11:34:05,2025/09/17 11:34:32,dst_participant_terminated,,,Ext.1062,0577612985,10001,0577612985,10001,extension,external_line,external_line,John Cyrus Enfestan Hopio,0577612985,0577612985
[2025-09-17 11:35:02.075619+00:00] Raw message on port 8000: Call 2025/09/17 11:34:36,0506762814,1062,00:00:15,2025/09/17 11:34:45,2025/09/17 11:35:01,src_participant_terminated,,,Ext.1062,0506762814,10001,0506762814,10001,extension,external_line,external_line,John Cyrus Enfestan Hopio,0506762814,0506762814
[2025-09-17 11:35:04.695913+00:00] Raw message on port 8000: Call 2025/09/17 11:32:59,0555069340,1329,,,2025/09/17 11:35:03,no_route,,,Ext.1329,0555069340,10001,0555069340,,extension,external_line,outbound_rule,Majd Almutairi,0555069340,Mobile Call
[2025-09-17 11:35:13.768001+00:00] Raw message on port 8000: Call 2025/09/17 11:35:06,2247001,10001,00:00:06,2025/09/17 11:35:06,2025/09/17 11:35:12,src_participant_terminated,,,0509259124,8000,8000,Ext.8000,8000,provider,ivr,ivr,0509259124:Main Number,WelcomeMessage,WelcomeMessage
[2025-09-17 11:35:18.798921+00:00] Raw message on port 8000: Call 2025/09/17 11:35:05,00919967291513,7415,,,2025/09/17 11:35:17,src_participant_terminated,,,Ext.7415,00919967291513,10001,00919967291513,,extension,external_line,outbound_rule,Mohammed Salatin,00919967291513,International Call
[2025-09-17 11:35:23.012628+00:00] Raw message on port 8000: Call 2025/09/17 11:34:20,0572614705,8451,,,2025/09/17 11:35:22,src_participant_terminated,,,Ext.8451,0572614705,10001,0572614705,,extension,external_line,outbound_rule,Jamil Agbay,0572614705,Mobile Call 4
[2025-09-17 11:35:31.351303+00:00] Raw message on port 8000: Call 2025/09/17 11:34:54,2247001,10001,00:00:35,2025/09/17 11:34:54,2025/09/17 11:35:30,dst_participant_terminated,ReplacedDst,,0555070621,8000,8000,Ext.8001,8001,provider,ivr,ivr,0555070621:Main Number,WelcomeMessage,ArabicDailExt
[2025-09-17 11:35:37.184949+00:00] Raw message on port 8000: Call 2025/09/17 11:33:17,0555879928,7843,00:02:10,2025/09/17 11:33:25,2025/09/17 11:35:36,dst_participant_terminated,,,Ext.7843,0555879928,10001,0555879928,10001,extension,external_line,external_line,Abdulrahman Malki,0555879928,0555879928
[2025-09-17 11:35:38.747558+00:00] Raw message on port 8000: Call 2025/09/17 11:35:34,00919967291513,7415,,,2025/09/17 11:35:37,no_route,,,Ext.7415,00919967291513,10001,00919967291513,,extension,external_line,outbound_rule,Mohammed Salatin,00919967291513,International Call
[2025-09-17 11:35:43.113876+00:00] Raw message on port 8000: Call 2025/09/17 11:35:41,2247001,10001,00:00:00,2025/09/17 11:35:41,2025/09/17 11:35:42,src_participant_terminated,,,0555070621,8000,8000,Ext.8000,8000,provider,ivr,ivr,0555070621:Main Number,WelcomeMessage,WelcomeMessage
[2025-09-17 11:35:44.744683+00:00] Raw message on port 8000: Call 2025/09/17 11:34:54,2247001,10001,00:00:49,2025/09/17 11:34:54,2025/09/17 11:35:43,src_participant_terminated,ReplacedDst,,0556086669,8000,8000,Ext.6666,7842,provider,ivr,voicemail,0556086669:Main Number,WelcomeMessage,Ahmed Ahmed
[2025-09-17 11:35:54.754343+00:00] Raw message on port 8000: Call 2025/09/17 11:35:23,0530436562,1062,00:00:12,2025/09/17 11:35:41,2025/09/17 11:35:53,src_participant_terminated,,,Ext.1062,0530436562,10001,0530436562,10001,extension,external_line,external_line,John Cyrus Enfestan Hopio,0530436562,0530436562
[2025-09-17 11:35:59.266631+00:00] Raw message on port 8000: GET / HTTP/1.1
Host: 52.7.101.147:8000
[2025-09-17 11:36:03.728691+00:00] Raw message on port 8000: Call 2025/09/17 11:35:45,00919967291513,7415,,,2025/09/17 11:36:02,declined,,,Ext.7415,00919967291513,10001,00919967291513,,extension,external_line,outbound_rule,Mohammed Salatin,00919967291513,International Call
[2025-09-17 11:36:12.672618+00:00] Raw message on port 8000: GET / HTTP/1.1
Host: 52.7.101.147:8000
WARNING 2025-09-17 14:36:35,899 log 784 126643320385664 Not Found: /.git/config
WARNING 2025-09-17 14:36:38,061 log 784 126643320385664 Not Found: /.git/config
[2025-09-17 11:36:43.011863+00:00] Raw message on port 8000: Call 2025/09/17 11:36:20,7911,7919,00:00:16,2025/09/17 11:36:25,2025/09/17 11:36:42,src_participant_terminated,,,Ext.7919,7911,7911,Ext.7911,7911,extension,extension,extension,Mohamed Ebrahim,Rawan Nazar Alhendi,Rawan Nazar Alhendi
[2025-09-17 11:36:44.019154+00:00] Raw message on port 8000: Call 2025/09/17 11:32:34,0531627968,6136,00:03:59,2025/09/17 11:32:43,2025/09/17 11:36:42,src_participant_terminated,,,Ext.6136,0531627968,10001,0531627968,10001,extension,external_line,external_line,AbdulLatif Bawezeer,0531627968,0531627968
[2025-09-17 11:36:48.512291+00:00] Raw message on port 8000: Call 2025/09/17 11:27:01,0548115108,7795,00:09:35,2025/09/17 11:27:11,2025/09/17 11:36:47,src_participant_terminated,,,Ext.7795,0548115108,10001,0548115108,10001,extension,external_line,external_line,Ahmed Aledwani,0548115108,0548115108
[2025-09-17 11:37:39.903637+00:00] Raw message on port 8000: Call 2025/09/17 11:36:42,0563142053,1062,00:00:39,2025/09/17 11:36:59,2025/09/17 11:37:38,src_participant_terminated,,,Ext.1062,0563142053,10001,0563142053,10001,extension,external_line,external_line,John Cyrus Enfestan Hopio,0563142053,0563142053
[2025-09-17 11:38:26.173702+00:00] Raw message on port 8000: Call 2025/09/17 11:37:58,2247001,10001,00:00:26,2025/09/17 11:37:59,2025/09/17 11:38:25,dst_participant_terminated,ReplacedDst,,0535983128,8000,8000,Ext.8001,8001,provider,ivr,ivr,0535983128:Main Number,WelcomeMessage,ArabicDailExt
[2025-09-17 11:39:15.955748+00:00] Raw message on port 8000: Call 2025/09/17 11:39:09,2247001,10001,00:00:05,2025/09/17 11:39:10,2025/09/17 11:39:15,src_participant_terminated,,,0506762814,8000,8000,Ext.8000,8000,provider,ivr,ivr,0506762814:Main Number,WelcomeMessage,WelcomeMessage
[2025-09-17 11:40:46.284164+00:00] Raw message on port 8000: Call 2025/09/17 11:40:01,2247001,10001,00:00:43,2025/09/17 11:40:01,2025/09/17 11:40:45,src_participant_terminated,,,0537936469,8000,8000,Ext.8000,8000,provider,ivr,ivr,0537936469:Main Number,WelcomeMessage,WelcomeMessage
[2025-09-17 11:40:50.742336+00:00] Raw message on port 8000: Call 2025/09/17 11:40:47,7911,7919,,,2025/09/17 11:40:49,src_participant_terminated,,,Ext.7919,7911,7911,Ext.7911,7911,extension,extension,extension,Mohamed Ebrahim,Rawan Nazar Alhendi,Rawan Nazar Alhendi
[2025-09-17 11:41:59.427848+00:00] Raw message on port 8000: Call 2025/09/17 11:41:53,0539153826,8451,,,2025/09/17 11:41:58,src_participant_terminated,,,Ext.8451,0539153826,10001,0539153826,,extension,external_line,outbound_rule,Jamil Agbay,0539153826,Mobile Call 4
[2025-09-17 11:42:39.323404+00:00] Raw message on port 8000: Call 2025/09/17 11:41:25,0577067955,1009,,,2025/09/17 11:42:38,src_participant_terminated,,,Ext.1009,0577067955,10001,0577067955,,extension,external_line,outbound_rule,ABDULHASEEB MOHAMMED,0577067955,Mobile Call
[2025-09-17 11:43:32.217111+00:00] Raw message on port 8000: Call 2025/09/17 11:42:11,0535632598,7844,00:01:11,2025/09/17 11:42:19,2025/09/17 11:43:31,dst_participant_terminated,,,Ext.7844,0535632598,10001,0535632598,10001,extension,external_line,external_line,Mohammed Zahrani,0535632598,0535632598
[2025-09-17 11:43:42.499711+00:00] Raw message on port 8000: Call 2025/09/17 11:42:46,0539153826,8451,,,2025/09/17 11:43:41,no_route,,,Ext.8451,0539153826,10001,0539153826,,extension,external_line,outbound_rule,Jamil Agbay,0539153826,Mobile Call 4
[2025-09-17 11:44:42.672655+00:00] Raw message on port 8000: Call 2025/09/17 11:44:18,0558081389,8451,00:00:11,2025/09/17 11:44:29,2025/09/17 11:44:41,dst_participant_terminated,,,Ext.8451,0558081389,10001,0558081389,10001,extension,external_line,external_line,Jamil Agbay,0558081389,0558081389
[2025-09-17 11:44:49.336745+00:00] Raw message on port 8000: Call 2025/09/17 11:44:14,7117,6295,00:00:24,2025/09/17 11:44:23,2025/09/17 11:44:48,src_participant_terminated,,,Ext.6295,7117,7117,Ext.7117,7117,extension,extension,extension,Alarid Kitchen,Riyaz Ahmed Mohammed,Riyaz Ahmed Mohammed
[2025-09-17 11:44:58.109120+00:00] Raw message on port 8000: Call 2025/09/17 11:41:59,0561519797,1043,00:02:32,2025/09/17 11:42:24,2025/09/17 11:44:57,dst_participant_terminated,,,Ext.1043,0561519797,10001,0561519797,10001,extension,external_line,external_line,Noura Altamimi,0561519797,0561519797
WARNING 2025-09-17 14:44:59,222 log 784 126643320385664 Not Found: /.git/config
[2025-09-17 11:45:14.270855+00:00] Raw message on port 8000: Call 2025/09/17 11:44:51,0533587660,8451,00:00:08,2025/09/17 11:45:04,2025/09/17 11:45:13,src_participant_terminated,,,Ext.8451,0533587660,10001,0533587660,10001,extension,external_line,external_line,Jamil Agbay,0533587660,0533587660
[2025-09-17 11:45:44.419437+00:00] Raw message on port 8000: Call 2025/09/17 11:45:21,0539263680,8451,,,2025/09/17 11:45:43,src_participant_terminated,,,Ext.8451,0539263680,10001,0539263680,,extension,external_line,outbound_rule,Jamil Agbay,0539263680,Mobile Call 4
[2025-09-17 11:46:19.713135+00:00] Raw message on port 8005: Call 2025/09/17 11:41:35,3200,1222,00:03:41,2025/09/17 11:41:42,3064506,00000C3088314BBD_112304,2025/09/17 11:45:23,TerminatedByDst,Ext.1222,Ext.3200,3200,,,,,,,,Chain: Ext.1222;Ext.3200;
[2025-09-17 11:46:22.572983+00:00] Raw message on port 8000: Call 2025/09/17 11:45:50,0539263680,8451,,,2025/09/17 11:46:21,src_participant_terminated,,,Ext.8451,0539263680,10001,0539263680,,extension,external_line,outbound_rule,Jamil Agbay,0539263680,Mobile Call 4
[2025-09-17 11:47:16.292718+00:00] Raw message on port 8000: Call 2025/09/17 11:46:27,0532655862,8451,00:00:36,2025/09/17 11:46:39,2025/09/17 11:47:15,src_participant_terminated,,,Ext.8451,0532655862,10001,0532655862,10001,extension,external_line,external_line,Jamil Agbay,0532655862,0532655862
[2025-09-17 11:47:28.499878+00:00] Raw message on port 8000: Call 2025/09/17 11:46:35,0502473675,1329,00:00:35,2025/09/17 11:46:52,2025/09/17 11:47:27,src_participant_terminated,,,Ext.1329,0502473675,10001,0502473675,10001,extension,external_line,external_line,Majd Almutairi,0502473675,0502473675
[2025-09-17 11:47:40.421826+00:00] Raw message on port 8005: Call 2025/09/17 11:45:09,8000,10001,00:01:34,2025/09/17 11:45:09,3064507,00000C30883490FF_112309,2025/09/17 11:46:44,TerminatedBySrc,0534153643,Ext.8000,8000,ReplacedDst,Ext.8010,8010,,,,,Chain: 0534153643;Ext.8000;Ext.8010;
[2025-09-17 11:47:52.393418+00:00] Raw message on port 8000: Call 2025/09/17 11:45:47,0550843805,1161,,,2025/09/17 11:47:51,no_route,,,Ext.1161,0550843805,10001,0550843805,,extension,external_line,outbound_rule,Rawan Almalki,0550843805,Mobile Call
[2025-09-17 11:48:22.968244+00:00] Raw message on port 8005: Call 2025/09/17 11:46:21,0502065521,2210,00:00:01,2025/09/17 11:47:24,3064508,00000C308835A86D_112312,2025/09/17 11:47:26,TerminatedByDst,Ext.2210,EndCall,EndCall,,EndCall,EndCall,,,,,Chain: Ext.2210;0502065521;EndCall;
[2025-09-17 11:48:37.185627+00:00] Raw message on port 8000: Call 2025/09/17 11:48:23,1009,6440,00:00:08,2025/09/17 11:48:28,2025/09/17 11:48:36,src_participant_terminated,,,Ext.6440,1009,1009,Ext.1009,1009,extension,extension,extension,Hassan Binsiraj,ABDULHASEEB MOHAMMED,ABDULHASEEB MOHAMMED
[2025-09-17 11:48:42.891283+00:00] Raw message on port 8005: Call 2025/09/17 11:42:33,8004,10003,00:05:13,2025/09/17 11:42:33,3064509,00000C3088322D37_112306,2025/09/17 11:47:46,TerminatedByDst,0503901742,Ext.8004,8004,ReplacedDst,Ext.5204,5204,,,,,Chain: 0503901742;Ext.8004;Ext.8003;Ext.5204;
[2025-09-17 11:48:57.421697+00:00] Raw message on port 8005: Call 2025/09/17 11:47:49,3333,4290,00:00:05,2025/09/17 11:47:55,3064510,00000C308836FEA4_112314,2025/09/17 11:48:01,TerminatedByDst,Ext.4290,Ext.3333,3333,,,,,,,,Chain: Ext.4290;Ext.3333;
INFO 2025-09-17 14:48:59,597 views 784 126643320385664 Call stats result: [{'period': datetime.datetime(2025, 8, 1, 0, 0, tzinfo=zoneinfo.ZoneInfo(key='Asia/Riyadh')), 'total_calls': 21237, 'local_calls': 2765, 'international_calls': 273}, {'period': datetime.datetime(2025, 9, 1, 0, 0, tzinfo=zoneinfo.ZoneInfo(key='Asia/Riyadh')), 'total_calls': 27627, 'local_calls': 3473, 'international_calls': 257}]
[2025-09-17 11:49:25.668271+00:00] Raw message on port 8005: Call 2025/09/17 11:48:08,4290,3333,00:00:21,2025/09/17 11:48:08,3064511,00000C3088374976_112317,2025/09/17 11:48:29,TerminatedBySrc,Ext.3333,Ext.0006,4290,,,,,,,,Chain: Ext.3333;Ext.4290;
[2025-09-17 11:49:26.193254+00:00] Raw message on port 8005: Call 2025/09/17 11:48:05,3333,4290,00:00:22,2025/09/17 11:48:07,3064512,00000C3088373EB3_112316,2025/09/17 11:48:30,TerminatedByDst,Ext.4290,Ext.3333,3333,,,,,,,,Chain: Ext.4290;Ext.3333;
[2025-09-17 11:49:41.930159+00:00] Raw message on port 8000: Call 2025/09/17 11:49:29,0563367866,7812,00:00:07,2025/09/17 11:49:32,2025/09/17 11:49:40,dst_participant_terminated,,,Ext.7812,0563367866,10001,0563367866,10001,extension,external_line,external_line,Ahmad Alzahrani,0563367866,0563367866
[2025-09-17 11:50:31.445505+00:00] Raw message on port 8000: Call 2025/09/17 11:48:12,0552606672,1329,00:01:39,2025/09/17 11:48:50,2025/09/17 11:50:30,dst_participant_terminated,,,Ext.1329,0552606672,10001,0552606672,10001,extension,external_line,external_line,Majd Almutairi,0552606672,0552606672
[2025-09-17 11:50:44.055534+00:00] Raw message on port 8000: Call 2025/09/17 11:49:16,0536248349,1161,00:01:08,2025/09/17 11:49:34,2025/09/17 11:50:43,src_participant_terminated,,,Ext.1161,0536248349,10001,0536248349,10001,extension,external_line,external_line,Rawan Almalki,0536248349,0536248349
[2025-09-17 11:51:09.654689+00:00] Raw message on port 8000: Call 2025/09/17 11:50:36,0573651301,7418,,,2025/09/17 11:51:08,src_participant_terminated,,,Ext.7418,0573651301,10001,0573651301,,extension,external_line,outbound_rule,Mirasol Augusto,0573651301,Mobile Call
[2025-09-17 11:51:16.286099+00:00] Raw message on port 8000: Call 2025/09/17 11:50:57,0557650702,1329,00:00:06,2025/09/17 11:51:08,2025/09/17 11:51:15,dst_participant_terminated,,,Ext.1329,0557650702,10001,0557650702,10001,extension,external_line,external_line,Majd Almutairi,0557650702,0557650702
[2025-09-17 11:51:29.733076+00:00] Raw message on port 8000: Call 2025/09/17 11:51:26,791,7919,,,2025/09/17 11:51:26,no_route,,,Ext.7919,791,EndCall,791,EndCall,extension,endcall,endcall,Mohamed Ebrahim,EndCall,EndCall
[2025-09-17 11:51:33.538835+00:00] Raw message on port 8000: Call 2025/09/17 11:51:13,0539022286,1339,00:00:13,2025/09/17 11:51:18,2025/09/17 11:51:32,dst_participant_terminated,,,Ext.1339,0539022286,10001,0539022286,10001,extension,external_line,external_line,AlArid Female Reception,0539022286,0539022286
[2025-09-17 11:51:47.139130+00:00] Raw message on port 8000: Call 2025/09/17 11:51:29,7921,7919,,,2025/09/17 11:51:46,src_participant_terminated,,,Ext.7919,7921,7921,Ext.7921,7921,extension,extension,extension,Mohamed Ebrahim,Moamar Mortada Mustafa,Moamar Mortada Mustafa
[2025-09-17 11:52:32.359817+00:00] Raw message on port 8000: Call 2025/09/17 11:45:58,0552042009,1043,00:05:24,2025/09/17 11:47:06,2025/09/17 11:52:31,dst_participant_terminated,,,Ext.1043,0552042009,10001,0552042009,10001,extension,external_line,external_line,Noura Altamimi,0552042009,0552042009
[2025-09-17 11:52:54.665528+00:00] Raw message on port 8000: Call 2025/09/17 11:52:03,0530289246,1161,00:00:28,2025/09/17 11:52:24,2025/09/17 11:52:53,src_participant_terminated,,,Ext.1161,0530289246,10001,0530289246,10001,extension,external_line,external_line,Rawan Almalki,0530289246,0530289246
[2025-09-17 11:53:12.925109+00:00] Raw message on port 8000: Call 2025/09/17 11:53:07,0538611255,7182,,,2025/09/17 11:53:12,src_participant_terminated,,,Ext.7182,0538611255,10001,0538611255,,extension,external_line,outbound_rule,Saeed Alzahrani,0538611255,Mobile Call
[2025-09-17 11:53:14.593168+00:00] Raw message on port 8000: Call 2025/09/17 11:51:53,7919,7921,00:01:18,2025/09/17 11:51:55,2025/09/17 11:53:13,dst_participant_terminated,,,Ext.7921,7919,7919,Ext.7919,7919,extension,extension,extension,Moamar Mortada Mustafa,Mohamed Ebrahim,Mohamed Ebrahim
[2025-09-17 11:53:33.140623+00:00] Raw message on port 8000: Call 2025/09/17 11:51:26,0533416336,7807,,,2025/09/17 11:53:32,no_route,,,Ext.7807,0533416336,10001,0533416336,,extension,external_line,outbound_rule,Ramla Nasser Alsaig,0533416336,Mobile Call
[2025-09-17 11:53:48.232325+00:00] Raw message on port 8000: Call 2025/09/17 11:52:49,0536248349,1339,00:00:44,2025/09/17 11:53:02,2025/09/17 11:53:47,src_participant_terminated,,,Ext.1339,0536248349,10001,0536248349,10001,extension,external_line,external_line,AlArid Female Reception,0536248349,0536248349
[2025-09-17 11:54:24.799093+00:00] Raw message on port 8005: Call 2025/09/17 11:53:27,4444,1025,,,3064518,00000C30883C29FC_112323,2025/09/17 11:53:28,Failed_Cancelled,Ext.1025,Ext.4444,4444,,,,,,,,
[2025-09-17 11:54:40.172487+00:00] Raw message on port 8000: Call 2025/09/17 11:48:20,0566645896,7844,00:06:02,2025/09/17 11:48:36,2025/09/17 11:54:39,dst_participant_terminated,,,Ext.7844,0566645896,10001,0566645896,10001,extension,external_line,external_line,Mohammed Zahrani,0566645896,0566645896
[2025-09-17 11:54:43.030172+00:00] Raw message on port 8000: Call 2025/09/17 11:52:16,0500099130,7560,00:02:15,2025/09/17 11:52:26,2025/09/17 11:54:41,src_participant_terminated,,,Ext.7560,0500099130,10001,0500099130,10001,extension,external_line,external_line,Omar Al-Saqabi,0500099130,0500099130
[2025-09-17 11:54:49.355375+00:00] Raw message on port 8005: Call 2025/09/17 11:53:32,3515,1025,00:00:13,2025/09/17 11:53:39,3064519,00000C30883C3D77_112324,2025/09/17 11:53:53,TerminatedByDst,Ext.1025,Ext.3515,3515,,,,,,,,Chain: Ext.1025;Ext.3515;
[2025-09-17 11:55:13.545329+00:00] Raw message on port 8000: Call 2025/09/17 11:53:42,0504545823,1329,00:01:15,2025/09/17 11:53:56,2025/09/17 11:55:12,dst_participant_terminated,,,Ext.1329,0504545823,10001,0504545823,10001,extension,external_line,external_line,Majd Almutairi,0504545823,0504545823
[2025-09-17 11:55:24.444949+00:00] Raw message on port 8005: Call 2025/09/17 11:53:15,8004,10003,00:01:12,2025/09/17 11:53:15,3064520,00000C30883BFAD6_112322,2025/09/17 11:54:28,TerminatedBySrc,0505272323,Ext.8004,8004,ReplacedDst,Ext.5204,5204,,,,,Chain: 0505272323;Ext.8004;Ext.8003;Ext.5204;
[2025-09-17 11:55:24.556055+00:00] Raw message on port 8000: Call 2025/09/17 11:54:45,0503946568,1228,,,2025/09/17 11:55:23,declined,,,Ext.1228,0503946568,10001,0503946568,,extension,external_line,outbound_rule,Sulaiman Ghazwani,0503946568,Mobile Call
[2025-09-17 11:55:29.370056+00:00] Raw message on port 8005: Call 2025/09/17 11:51:24,1215,2210,00:02:52,2025/09/17 11:51:40,3064521,00000C30883A4726_112319,2025/09/17 11:54:33,TerminatedBySrc,Ext.2210,Ext.1215,1215,,,,,,,,Chain: Ext.2210;Ext.1215;
[2025-09-17 11:55:49.182158+00:00] Raw message on port 8000: Call 2025/09/17 11:55:20,7919,7921,00:00:25,2025/09/17 11:55:22,2025/09/17 11:55:48,src_participant_terminated,,,Ext.7921,7919,7919,Ext.7919,7919,extension,extension,extension,Moamar Mortada Mustafa,Mohamed Ebrahim,Mohamed Ebrahim
[2025-09-17 11:55:54.014242+00:00] Raw message on port 8005: Call 2025/09/17 11:53:10,8004,10003,00:01:47,2025/09/17 11:53:10,3064522,00000C30883BE5B0_112321,2025/09/17 11:54:57,TerminatedByDst,0540557584,Ext.8004,8004,ReplacedDst,Ext.8005,8005,,,,,Chain: 0540557584;Ext.8004;Ext.8010;Ext.8005;
[2025-09-17 11:56:20.957725+00:00] Raw message on port 8005: Call 2025/09/17 11:52:21,8004,10003,00:03:03,2025/09/17 11:52:21,3064523,00000C30883B26FA_112320,2025/09/17 11:55:24,TerminatedBySrc,0505922445,Ext.8004,8004,ReplacedDst,Ext.5222,5222,,,,,Chain: 0505922445;Ext.8004;Ext.8003;Ext.5222;
[2025-09-17 11:56:46.937055+00:00] Raw message on port 8000: Call 2025/09/17 11:56:38,2247001,10001,00:00:07,2025/09/17 11:56:39,2025/09/17 11:56:46,src_participant_terminated,,,920031811,8000,8000,Ext.8000,8000,provider,ivr,ivr,920031811:Main Number,WelcomeMessage,WelcomeMessage
[2025-09-17 11:56:48.251787+00:00] Raw message on port 8000: Call 2025/09/17 11:54:42,0530999395,1273,,,2025/09/17 11:56:47,no_route,,,Ext.1273,0530999395,10001,0530999395,,extension,external_line,outbound_rule,Waad Almutairi,0530999395,Mobile Call
[2025-09-17 11:56:51.618847+00:00] Raw message on port 8000: Call 2025/09/17 11:54:17,1237,1193,00:02:23,2025/09/17 11:54:26,2025/09/17 11:56:50,src_participant_terminated,,,Ext.1193,1237,1237,Ext.1237,1237,extension,extension,extension,Khaled Al Amoudi,NEIMA KHEDR,NEIMA KHEDR
[2025-09-17 11:57:33.544375+00:00] Raw message on port 8000: Call 2025/09/17 11:53:42,0500454400,7807,00:03:23,2025/09/17 11:54:08,2025/09/17 11:57:32,src_participant_terminated,,,Ext.7807,0500454400,10001,0500454400,10001,extension,external_line,external_line,Ramla Nasser Alsaig,0500454400,0500454400
[2025-09-17 11:57:47.256128+00:00] Raw message on port 8000: Call 2025/09/17 11:56:58,0557985763,1237,,,2025/09/17 11:57:46,src_participant_terminated,,,Ext.1237,0557985763,10001,0557985763,,extension,external_line,outbound_rule,NEIMA KHEDR,0557985763,Mobile Call
[2025-09-17 11:58:13.717734+00:00] Raw message on port 8000: Call 2025/09/17 11:57:24,7911,7936,00:00:39,2025/09/17 11:57:33,2025/09/17 11:58:12,src_participant_terminated,,,Ext.7936,7911,7911,Ext.7911,7911,extension,extension,extension,Mae G Mercado,Rawan Nazar Alhendi,Rawan Nazar Alhendi
[2025-09-17 11:58:18.421529+00:00] Raw message on port 8000: Call 2025/09/17 11:57:49,0534961613,6261,,,2025/09/17 11:58:17,src_participant_terminated,,,Ext.6261,0534961613,10001,0534961613,,extension,external_line,outbound_rule,Sami Anazi,0534961613,Mobile Call
[2025-09-17 11:58:20.434129+00:00] Raw message on port 8000: Call 2025/09/17 11:57:47,0557985763,1237,,,2025/09/17 11:58:19,src_participant_terminated,,,Ext.1237,0557985763,10001,0557985763,,extension,external_line,outbound_rule,NEIMA KHEDR,0557985763,Mobile Call
[2025-09-17 11:58:21.566695+00:00] Raw message on port 8000: Call 2025/09/17 11:58:19,0534961613,6261,,,2025/09/17 11:58:20,src_participant_terminated,,,Ext.6261,0534961613,10001,0534961613,,extension,external_line,outbound_rule,Sami Anazi,0534961613,Mobile Call
[2025-09-17 11:58:29.422125+00:00] Raw message on port 8005: Call 2025/09/17 11:55:02,8004,10003,00:02:30,2025/09/17 11:55:02,2025/09/17 11:57:33,TerminatedByDst,ReplacedDst,,0540557584,Ext.8004,8004,Ext.5204,5204,Line,Ivr,Extension,0540557584,Call Center Welcome Message,Noaf Alamri
[2025-09-17 11:58:47.938636+00:00] Raw message on port 8005: Call 2025/09/17 11:56:55,0506257215,5207,00:00:35,2025/09/17 11:57:16,2025/09/17 11:57:51,TerminatedBySrc,,,Ext.5207,0506257215,10001,,,Extension,Line,,Hanadi Aldosari,0506257215,
[2025-09-17 11:58:58.484538+00:00] Raw message on port 8000: Call 2025/09/17 11:58:20,0557985763,1237,,,2025/09/17 11:58:57,src_participant_terminated,,,Ext.1237,0557985763,10001,0557985763,,extension,external_line,outbound_rule,NEIMA KHEDR,0557985763,Mobile Call
[2025-09-17 11:59:23.920880+00:00] Raw message on port 8000: Call 2025/09/17 11:58:26,0534961613,6261,00:00:36,2025/09/17 11:58:46,2025/09/17 11:59:22,src_participant_terminated,,,Ext.6261,0534961613,10001,0534961613,10001,extension,external_line,external_line,Sami Anazi,0534961613,0534961613
[2025-09-17 11:59:26.562145+00:00] Raw message on port 8000: Call 2025/09/17 11:58:41,7461,1000,00:00:35,2025/09/17 11:58:49,2025/09/17 11:59:25,src_participant_terminated,,,Ext.1000,7461,7461,Ext.7461,7461,extension,extension,extension,SMASCO Reception,Danika Agudera,Danika Agudera
[2025-09-17 12:00:50.415589+00:00] Raw message on port 8000: Call 2025/09/17 11:57:29,0506196919,1273,00:02:02,2025/09/17 11:58:47,2025/09/17 12:00:49,dst_participant_terminated,,,Ext.1273,0506196919,10001,0506196919,10001,extension,external_line,external_line,Waad Almutairi,0506196919,0506196919
INFO 2025-09-17 15:01:02,569 views 784 126643320385664 Call stats result: [{'period': datetime.datetime(2025, 8, 1, 0, 0, tzinfo=zoneinfo.ZoneInfo(key='Asia/Riyadh')), 'total_calls': 21231, 'local_calls': 2765, 'international_calls': 272}, {'period': datetime.datetime(2025, 9, 1, 0, 0, tzinfo=zoneinfo.ZoneInfo(key='Asia/Riyadh')), 'total_calls': 27661, 'local_calls': 3480, 'international_calls': 257}]
[2025-09-17 12:01:05.092033+00:00] Raw message on port 8000: Call 2025/09/17 11:56:29,0550164927,7812,00:04:18,2025/09/17 11:56:45,2025/09/17 12:01:04,src_participant_terminated,,,Ext.7812,0550164927,10001,0550164927,10001,extension,external_line,external_line,Ahmad Alzahrani,0550164927,0550164927
[2025-09-17 12:01:10.321750+00:00] Raw message on port 8005: Call 2025/09/17 12:00:12,053188,3234,00:00:01,2025/09/17 12:00:12,2025/09/17 12:00:14,TerminatedBySrc,,,Ext.3234,EndCall,EndCall,EndCall,EndCall,Extension,EndCall,EndCall,dammam workshop 2,053188,053188
[2025-09-17 12:01:41.120054+00:00] Raw message on port 8000: Call 2025/09/17 12:00:48,0556378342,1298,00:00:34,2025/09/17 12:01:05,2025/09/17 12:01:40,src_participant_terminated,,,Ext.1298,0556378342,10001,0556378342,10001,extension,external_line,external_line,Austin John Acuna Garcia,0556378342,0556378342
[2025-09-17 12:01:54.113097+00:00] Raw message on port 8005: Call 2025/09/17 11:57:22,8004,10003,00:03:34,2025/09/17 11:57:22,2025/09/17 12:00:57,TerminatedByDst,ReplacedDst,,0504146375,Ext.8004,8004,Ext.5207,5207,Line,Ivr,Extension,0504146375,Call Center Welcome Message,Hanadi Aldosari
[2025-09-17 12:02:08.718786+00:00] Raw message on port 8005: Call 2025/09/17 12:00:27,0531860335,3234,,,2025/09/17 12:01:12,Failed,,,Ext.3234,0531860335,0531860335,,,Extension,LineSet,,dammam workshop 2,0531860335,
[2025-09-17 12:02:23.352524+00:00] Raw message on port 8005: Call 2025/09/17 11:59:50,8004,10003,00:01:36,2025/09/17 11:59:50,2025/09/17 12:01:27,TerminatedBySrc,ReplacedDst,3543;,0596926804,Ext.8004,8004,Ext.8005,8005,Line,Ivr,Ivr,0596926804,Call Center Welcome Message,Customer Call Back
